id,Domain,Status,Attractiveness,Demand,Length,Registrar,Created,Expires
b939cc68-1840-4ed3-a75b-9184099dd359,studies.app,premium,,84,7,,,
7859826b-0c03-4ffb-b317-8391dd563bbd,studies.co,expiring,,84,7,"GoDaddy.com, LLC",20/07/2010 18:10,19/07/2025 23:59
db1d3f25-b3f9-4ba7-a769-257b7e470715,studies.dev,premium,,84,7,,,
759714d9-b03c-4b75-8a69-0e9f0edae79f,studies.expert,available,,84,7,,,
9a3dcdcc-5c2c-4162-8c3e-091deb6f75c2,studies.gg,available,,84,7,,,
1115f876-5a41-4d3d-8ed6-2fefc078c075,studies.me,expiring,,84,7,Dynadot Inc,17/07/2008 21:54,17/07/2025 21:54
c25c2026-f45a-4c57-abca-a9d1c5a037eb,studies.ninja,available,,84,7,,,
bba7a417-a983-44c8-b0d3-3af4c9594cd2,studies.online,premium,,84,7,,,
fdf624cc-d2f1-40a4-ac5f-aea95915b4ee,studies.org,resell,,84,7,"GoDaddy.com, LLC",03/04/1998 05:00,02/04/2032 05:00
4ce7ad0b-c4ea-46bf-8278-8295adf74561,studies.pro,resell,,84,7,Epik LLC,20/05/2023 15:15,20/05/2026 15:15
5d082ad8-e278-476d-803c-9e1f69707ad8,studies.site,premium,,84,7,,,
e751afeb-9291-4db3-8590-7fdd19cccf3f,studies.so,available,,84,7,,,
b0660a18-f549-4f49-817a-12147568d8eb,studies.store,premium,,84,7,,,
3144d4d9-f699-4b05-b455-c300ec96110c,studies.tech,premium,,84,7,,,
f8e8894f-7b6c-4737-a4af-e6fa872e7eb4,history.accountant,available,94,29,7,,,
85a0151d-b427-4101-9291-05b640ab8ad3,history.accountants,available,94,29,7,,,
2ba76447-b132-4a4e-b3fd-4160e524b150,history.adult,available,94,29,7,,,
10e1af13-fb27-466c-a319-3877f7163f82,history.ag,available,94,29,7,,,
5de03645-5f0c-45bb-92b3-f1ddfdbc1a07,history.airforce,available,94,29,7,,,
9f7a39ca-7bde-4361-8f34-2db683a322bf,history.apartments,available,94,29,7,,,
6cbf3c47-06a6-44d0-b37c-0dd0db87168a,history.archi,available,94,29,7,,,
e4e40c0f-b670-4c19-8ec7-b08874c385ed,history.art,available,94,29,7,,,
7d692bf1-78cd-4583-857d-47d0529864fb,history.associates,available,94,29,7,,,
1038576f-2896-4ff0-84ae-5ee369c8c0a6,history.at,premium,94,29,7,,,
80de1c16-740f-408a-b20d-d4b181fcda6c,history.attorney,available,94,29,7,,,
04fc3cf3-9585-4455-8e8c-4a550e4d3c3c,history.auction,resell,94,29,7,"Sav.com, LLC",18/11/2024 17:08,18/11/2025 17:08
90f2da23-b9a2-4c63-9a7e-e04151e27e47,history.auto,available,94,29,7,,,
efa44071-e1fe-4eec-bf38-b01edb685fde,history.baby,resell,94,29,7,Dynadot LLC,02/05/2025 23:22,02/05/2026 23:59
d41da218-1922-45a5-a873-582002f662f7,history.bar,available,94,29,7,,,
2c51d889-eb38-4128-82bf-4b5cbc2cbf29,history.beauty,resell,94,29,7,"Spaceship, Inc.",26/01/2025 01:42,26/01/2026 23:59
db3f71d0-c581-4ef5-9bbd-7013e6c3edff,history.beer,available,94,29,7,,,
022b92c8-f97e-46e2-805d-edc7eab2976f,history.berlin,available,94,29,7,,,
deee330c-2808-4e29-a2e8-64fd2836775d,history.bid,available,94,29,7,,,
5cfa3120-a354-4455-a514-4267b748d437,history.bike,available,94,29,7,,,
70fc2f81-e2e0-4586-a4e8-136bb4c8b5a2,history.bingo,available,94,29,7,,,
2aa422a6-8cb2-4920-a525-8de78c8f4dd9,history.bio,available,94,29,7,,,
0cf9c0a2-a5f7-4615-a034-452b757ff686,history.biz,resell,94,29,7,"Domain Registration Services, Inc. dba dotEarth.com",27/03/2002 07:17,26/03/2026 23:59
136ffacc-279c-4c57-84b6-2c219c17bd62,history.blackfriday,available,94,29,7,,,
b3d7a4fa-428a-45ec-a43d-3414a898fa65,history.blog,available,94,29,7,,,
5ed972fe-5c05-4f4e-aca2-d34d84d4e7bc,history.blue,premium,94,29,7,,,
55f9b0fc-76d3-4851-9477-522377b5bbb8,history.boo,premium,94,29,7,,,
e90843a1-f211-41e8-a1ce-3cfaa7e76fd5,history.boston,premium,94,29,7,,,
05417df0-b73f-4ec5-ae72-14e4ba8fe7aa,history.boutique,available,94,29,7,,,
bdd572dc-dac8-4bf1-ad80-5b87f136f838,history.build,premium,94,29,7,,,
4943cbfc-a990-4337-92cc-229f91af3d60,history.builders,available,94,29,7,,,
4eb87d88-bfe9-4dab-a71f-d3c733c6e309,history.business,premium,94,29,7,,,
ddfc9d5c-ee36-44a5-8348-fb789b07d29d,history.buzz,premium,94,29,7,,,
ac06f96f-7e87-443c-b7fb-e7c7fbd81e90,history.bz,available,94,29,7,,,
e0aba970-3b35-40f9-b62e-d6ee203c9d24,history.cab,available,94,29,7,,,
ff7e1eac-379c-44ef-b3e9-faf1b2815e51,history.cafe,expiring,94,29,7,"GoDaddy.com, LLC",03/10/2015 12:31,03/10/2025 12:31
0fa1d9bd-565f-45d6-aa48-ac26ba2df8c4,history.camera,available,94,29,7,,,
98e7369b-7f30-45d2-8f15-7d7df1438f7a,history.car,available,94,29,7,,,
aa1a2bf9-f053-43fe-9273-f8a204301b14,history.cards,resell,94,29,7,"Sav.com, LLC",27/10/2023 06:22,27/10/2025 06:22
f37ed219-a65d-411c-9ab5-200928a9e0d1,history.careers,available,94,29,7,,,
f196d943-ab85-44c7-818c-2b007fcbd65e,history.cars,available,94,29,7,,,
49a8be33-20ef-4ef7-b750-8b93a94e0f4d,history.casa,available,94,29,7,,,
4d281e1b-2a18-4842-99d3-7be464cafba0,history.cash,available,94,29,7,,,
f35e663a-d915-4f51-933c-44690188b4e3,history.casino,available,94,29,7,,,
2f300765-f46c-4a47-9018-859ff7b3a448,history.catering,available,94,29,7,,,
5b82aae8-d885-48a8-89c1-f625a4bfd198,history.ceo,available,94,29,7,,,
aea64a63-69e4-4768-9ef9-fd00ced0e132,history.cfd,available,94,29,7,,,
d9650459-137b-4227-a1c2-59073b4e28bf,history.christmas,available,94,29,7,,,
92204e4c-6235-47ba-9bf7-29a59aa74a70,history.church,resell,94,29,7,"Global Domains International, Inc. DBA DomainCostClub.com",09/01/2021 21:34,09/01/2026 21:34
70b280fc-7543-4543-967b-24a3d56f03a5,history.claims,available,94,29,7,,,
f26a7e15-3623-4170-acb5-bd30a09d8c30,history.cleaning,available,94,29,7,,,
a889a2cf-7c50-4a00-adcc-1d5759871061,history.clinic,available,94,29,7,,,
d1cea5e4-c7be-4518-97fc-c8568e9a9468,history.clothing,available,94,29,7,,,
f513e0a4-4a48-4547-9796-eacbb780edf7,history.cloud,premium,94,29,7,,,
3ae217fb-bd01-459d-a3c9-8832e21d7e8f,history.coach,available,94,29,7,,,
db51149a-10ec-4bc2-86c2-d93298c4a498,history.coffee,resell,94,29,7,"Sav.com, LLC",30/01/2025 15:09,30/01/2026 15:09
a5a75c41-38d8-4dfe-97e6-4a4929007495,history.college,available,94,29,7,,,
ceb8b1b6-6388-45a4-95b1-c5fefe76fbe1,history.community,available,94,29,7,,,
11e57200-7d51-4789-aa48-9f3c76e340dc,history.condos,available,94,29,7,,,
a0d62a22-3f65-46bc-93e2-c376ec4a73ca,history.construction,available,94,29,7,,,
bd582090-5a95-4c3f-bf52-726383cd52c4,history.contact,available,94,29,7,,,
9d0b956c-ab17-4729-836b-2bf0c69315dd,history.contractors,available,94,29,7,,,
6fcd5a60-63a9-489c-bfdc-5c1eebdd6268,history.cooking,available,94,29,7,,,
39e1075c-3665-4808-8fcf-fd6aee9c909e,history.cool,available,94,29,7,,,
d8bb0710-f0e2-4687-8e9f-6839c245cae0,history.country,available,94,29,7,,,
f5d35c3c-f33a-4e42-90d5-85181d965e38,history.coupons,available,94,29,7,,,
435b89dc-aae8-4bcb-851c-a01235655c2b,history.courses,available,94,29,7,,,
e577e898-3035-4756-b247-2d4dae7324a5,history.credit,available,94,29,7,,,
b271891f-bd44-43f7-aa62-a2af71eca04c,history.creditcard,available,94,29,7,,,
46aeb559-25d2-46c2-ac59-bc3da373cf7a,history.cricket,available,94,29,7,,,
ce237dea-c109-4807-9c00-0967c48addb7,history.cruises,available,94,29,7,,,
331d09cd-d7f3-4e9a-ae8d-91559eddbaef,history.cv,available,94,29,7,,,
08c27545-d67a-4c8f-bd5d-fbdeb7daa809,history.cyou,available,94,29,7,,,
228d2d11-8dac-4dea-9de6-08aa3aa752db,history.dad,available,94,29,7,,,
f201040a-a0c4-4517-bd08-1454115febbb,history.date,available,94,29,7,,,
cfa6da25-5eea-4e44-b4de-e341ad107f68,history.dating,available,94,29,7,,,
b1e82a5a-4bf8-49e4-b3d2-0d3d8bf6313a,history.day,available,94,29,7,,,
b27b7e19-0b77-4267-8d40-b06cf6ff80e2,history.dealer,available,94,29,7,,,
daaf6106-d973-45bb-94d0-9af44b779209,history.deals,available,94,29,7,,,
adc0bc6e-b14f-4afe-b2ba-eb9f62cab46b,history.degree,available,94,29,7,,,
d3f57d6a-fd32-433f-98fe-d70c76897e08,history.delivery,available,94,29,7,,,
e96a7eca-3d4e-49e1-a8e6-e31e2d48e867,history.democrat,available,94,29,7,,,
b632a2d0-c790-4a16-818b-a63e27f75a97,history.dentist,available,94,29,7,,,
4aaca8c8-ec62-45ce-9571-28faca382175,history.design,available,94,29,7,,,
9c7889c6-c71b-4b66-93fb-57ec65260a4e,history.dev,available,94,29,7,,,
8c9d2768-4b4f-44b8-ab0f-225d6089391b,history.diamonds,available,94,29,7,,,
dff0590e-d17c-402c-b2ae-d3376b9fe39e,history.diet,available,94,29,7,,,
96548e6e-133f-466c-94e3-be8876a2de2b,history.direct,available,94,29,7,,,
84ae85f4-c099-470f-a9ad-96a2b07ecce5,history.discount,available,94,29,7,,,
7d6db60b-5780-42bc-8a73-af2fcce81fed,history.diy,available,94,29,7,,,
d753924e-32b6-4b03-8574-4738adf3a898,history.doctor,available,94,29,7,,,
7dfcb1d6-c3e9-4a85-8b09-68573d026139,history.dog,available,94,29,7,,,
7395f29b-91c8-441c-a0af-966c5d34aefe,history.download,available,94,29,7,,,
ef0df5b1-046c-42ae-8647-3ff37f5f6c7f,history.email,resell,94,29,7,"Chengdu West Dimension Digital Technology Co., Ltd.",15/12/2023 15:15,15/12/2025 15:15
b662f272-7f57-4dbf-a006-8ccfb849054a,history.engineer,available,94,29,7,,,
e987efdf-59bf-4b44-9283-7cb51c0386ae,history.engineering,available,94,29,7,,,
0b4b46dc-fb18-4ad3-9a9d-39fed5c52a49,history.enterprises,available,94,29,7,,,
38610c08-b023-4c4d-acbc-e246592fd72e,history.equipment,available,94,29,7,,,
7811b7c4-51e0-4252-afc5-51b017743cec,history.esq,available,94,29,7,,,
969340ce-0a2d-4ce5-9c39-e63be26a2b38,history.exchange,available,94,29,7,,,
62590d4a-0e3d-4611-85c9-a014a6a35e14,history.expert,available,94,29,7,,,
428da26c-6ee8-4489-950b-7296b99c83ad,history.fail,available,94,29,7,,,
122dce46-4b76-428e-963e-54254dbaf7b0,history.family,available,94,29,7,,,
b28f487e-5b29-42b3-8f66-8fe347d2a48f,history.fans,available,94,29,7,,,
87ca98dd-5cb5-4213-8ecb-010295517362,history.farm,expiring,94,29,7,"DNC Holdings, Inc.",13/09/2018 02:46,13/09/2025 02:46
30277bab-3eed-4db4-9e3b-5ee34e7dd8a3,history.fashion,available,94,29,7,,,
356b439e-241a-48af-aa1b-4691288e1e56,history.film,available,94,29,7,,,
071f04a8-35be-4f31-9c7f-6caf81108af2,history.financial,available,94,29,7,,,
aff372c9-6153-4caf-a74b-46ce820c609a,history.fishing,available,94,29,7,,,
039f3344-35cd-42f0-aec9-d37912721c71,history.fit,available,94,29,7,,,
34bbb2c4-eace-4d31-8e3b-87850dbad3e4,history.fitness,available,94,29,7,,,
36be335f-2743-4523-bd9e-1081b8104806,history.flights,available,94,29,7,,,
a5b54f4a-b26a-4de2-b65b-680b0d082293,history.florist,available,94,29,7,,,
56c5aab2-ede9-4b29-a692-24a212f7362b,history.flowers,available,94,29,7,,,
f1138c87-239a-4148-8954-b8e9055def15,history.foo,available,94,29,7,,,
95b0959d-a130-4f36-967c-0285cdbcb3eb,history.food,available,94,29,7,,,
9fe7c35e-99d6-4588-828c-4dee4cd81430,history.forsale,available,94,29,7,,,
56d40bd2-c17e-43fb-a6f4-81b9418e2292,history.forum,available,94,29,7,,,
69c27065-bbb4-49e3-ae15-7f353075e463,history.fun,available,94,29,7,,,
d5a21776-cc30-4e22-ad87-64a0d97aefd0,history.furniture,available,94,29,7,,,
8d552102-9c1a-4ff7-9037-70c0eb78aeb8,history.futbol,available,94,29,7,,,
de1fcd70-0dc8-4346-ad97-db1b41a3b028,history.fyi,resell,94,29,7,"NameSilo, LLC",27/02/2022 21:11,27/02/2026 21:11
6467c772-e78f-41a2-b2d6-d1e13b22d999,history.gallery,available,94,29,7,,,
3e43ae49-1a36-4874-ac5a-47cf9f87588d,history.game,available,94,29,7,,,
547ba832-9085-459a-8517-6c7d9736fb83,history.games,available,94,29,7,,,
c1e097bb-f90f-4658-83c8-89a852ac00f5,history.gift,available,94,29,7,,,
dd5b63ae-c77f-44e6-8785-0dead8fb2a90,history.gifts,available,94,29,7,,,
6e8ffe72-c6cd-4bcd-9f9a-98f54c3e603e,history.gives,available,94,29,7,,,
8d5584a8-84ef-4d03-9edd-72ec397451a4,history.giving,available,94,29,7,,,
c06243f8-ffa3-4960-8fde-ae0a16c0e53c,history.glass,available,94,29,7,,,
e2f96ac3-8e29-4434-80c0-a12a6856d2a1,history.global,available,94,29,7,,,
4539dea5-452f-4607-98f2-0333be769efe,history.gmbh,available,94,29,7,,,
00c537e0-130b-45dc-aaa8-c1c69c132859,history.gold,resell,94,29,7,Dynadot Inc,29/07/2025 17:00,29/07/2026 17:00
092f1e58-e012-460f-bbfe-2d624c5a81cc,history.gratis,available,94,29,7,,,
8b5baa51-3ca5-4501-b1d8-04c9f9e1b115,history.green,available,94,29,7,,,
d24940de-5a10-4c5a-ba1a-36bf8595e5cc,history.gripe,available,94,29,7,,,
11641b2d-61c0-43af-9f25-a9a4ecabc853,history.guitars,available,94,29,7,,,
382662c6-0b20-4430-a268-fcdd6935410b,history.guru,available,94,29,7,,,
5133f49d-1181-4fcd-8fe2-f271be79e402,history.hair,available,94,29,7,,,
10d696f1-598e-4c44-880a-9aa267e3ebd9,history.health,expired,94,29,7,"GoDaddy.com, LLC",20/07/2024 14:20,20/07/2025 14:20
5ebc3763-c24f-4017-9f80-25414e59440e,history.healthcare,available,94,29,7,,,
be638428-7d64-401f-af46-7ec388f0728c,history.help,available,94,29,7,,,
a455087b-300e-4a58-bb62-653eb9f66b1f,history.hiv,available,94,29,7,,,
403d2b00-8914-4c29-b49b-724f679e324a,history.holdings,available,94,29,7,,,
502dd9ad-d370-41a4-b72e-15316b0a6df0,history.homes,resell,94,29,7,"Spaceship, Inc.",18/10/2024 01:07,18/10/2025 23:59
6be13bc7-7748-4f47-abdf-77278e029b5d,history.horse,available,94,29,7,,,
dc55f434-7c1d-4d4a-9297-800b1bb48689,history.hospital,available,94,29,7,,,
3acc6756-fc45-4512-8f61-3a1de6072a05,history.host,available,94,29,7,,,
c0929e49-d5b6-48d3-885e-4b9373795086,history.hosting,available,94,29,7,,,
c97c4347-982c-41a2-833c-e1b26c63ed15,history.hot,available,94,29,7,,,
c1f65c54-abf3-43f6-940b-ee13a8a2c0dc,history.how,available,94,29,7,,,
a2fcb6b0-6e49-425b-8f2c-e1ede51d1d99,history.im,available,94,29,7,,,
72d2d344-01f3-4fb5-81d4-b0a04e2c7316,history.immo,available,94,29,7,,,
04931638-fda5-4936-bea7-45ce9d797549,history.immobilien,available,94,29,7,,,
b5c7d75b-a806-4e01-bd2d-605216925205,history.inc,available,94,29,7,,,
4dfa6c42-cfa2-4f17-9f5e-3a850e354626,history.industries,available,94,29,7,,,
5b9a5524-a89b-4019-b372-13f07376cdeb,history.ing,available,94,29,7,,,
757644fc-d7cb-4294-9ba0-d890bc45ae31,history.ink,expiring,94,29,7,Sav.com LLC,22/09/2024 00:14,22/09/2025 00:14
e0415f58-86fa-4d4d-ac95-b0c2bb2b6b75,history.insure,available,94,29,7,,,
0b61f2c0-5cb2-4595-8d44-2c00edcc35f6,history.international,resell,94,29,7,"Network Solutions, LLC",21/11/2024 17:16,21/11/2025 17:16
49049fbf-431b-47ab-b443-355bfdec422e,history.investments,available,94,29,7,,,
3edc1288-ea5d-462b-9f2d-d17246367bfd,history.io,sold,94,29,7,"GoDaddy.com, LLC",28/07/2021 21:11,28/07/2026 21:11
6de70f83-5e2b-4752-a58b-2105fd78b55a,history.irish,available,94,29,7,,,
c1231a60-6685-44db-a673-2b75a5591f19,history.jetzt,available,94,29,7,,,
e86dc368-b29f-4445-8bd5-24431e329c0b,history.jewelry,available,94,29,7,,,
e38a9a24-0206-4286-9eef-24a5f4b4a109,history.juegos,available,94,29,7,,,
2e161a57-ff44-450b-b1f7-550848f09190,history.kaufen,available,94,29,7,,,
974d64ad-4faf-476c-95c0-4ad05dbd2d4f,history.kim,available,94,29,7,,,
45f46c69-7708-4601-b3f2-591ab4beddec,history.kitchen,available,94,29,7,,,
85e0af91-1e69-4a47-8405-84ad89292b57,history.land,resell,94,29,7,Dynadot Inc,25/08/2020 01:47,25/08/2026 01:47
9866f5a9-0dc3-4bb0-b445-f86ca94f9241,history.lat,resell,94,29,7,Namecheap,26/07/2024 08:11,26/07/2026 23:59
a9c3f2a9-1288-42d4-8db5-ee7ded56ff33,history.law,available,94,29,7,,,
aae77236-d4ef-48da-89af-8c5fcfe5112f,history.lawyer,available,94,29,7,,,
c6e6f713-bec3-4b1c-a08d-3e271e7b6c69,history.lease,available,94,29,7,,,
d241e06a-9a4f-44fb-aa48-db8f7d3d44eb,history.lgbt,available,94,29,7,,,
29dea8ae-a934-45b8-a160-5cd91a002d37,history.life,resell,94,29,7,"Xiamen ChinaSource Internet Service Co., Ltd",31/12/2024 15:15,31/12/2025 15:15
c58a4a8e-c6b0-4ceb-8fab-9707eb200660,history.lifestyle,available,94,29,7,,,
d06c1269-3167-4e7f-bb36-5f4d06ed6d8a,history.lighting,available,94,29,7,,,
c5272e5e-0e10-48ce-99ba-fc31a6b41cf7,history.limited,available,94,29,7,,,
9a3256b5-3f37-4516-83aa-512122467cd5,history.limo,available,94,29,7,,,
647bdd14-3966-4b6b-ad25-660935f02a26,history.living,available,94,29,7,,,
85ba547d-de83-49f4-9703-d3ab5940cc72,history.llc,available,94,29,7,,,
a9a2311e-ab39-411c-b631-b846be277692,history.loan,available,94,29,7,,,
fb890b12-61d6-48ec-9591-c000c68c4e0c,history.loans,available,94,29,7,,,
da43d104-a65a-449b-acb1-cad473ddb783,history.locker,available,94,29,7,,,
04f03a5c-4732-4665-a501-2fe3c08bf725,history.lol,resell,94,29,7,Namecheap,13/08/2020 16:14,13/08/2026 23:59
aa8fe0af-b70d-4ecf-8d70-fe04d460ea67,history.london,resell,94,29,7,"Porkbun, LLC",12/12/2022 01:06,12/12/2025 23:59
d467ae83-da73-4efe-9d9a-27a7c0a7e1c6,history.ltda,available,94,29,7,,,
0dc3f6d0-c22e-442c-8d8d-8e0dd0a5e0c7,history.luxury,available,94,29,7,,,
408e63b5-6a2e-4cd3-ae61-6115bd5fa8a6,history.maison,available,94,29,7,,,
d3a85ea4-aae2-4c9b-a21e-318341d33171,history.makeup,available,94,29,7,,,
187f20d9-7b12-40d9-b4f4-7ef003a7cab4,history.management,available,94,29,7,,,
cf2cd987-5f86-44d7-ad39-fe1b4d52afe0,history.market,available,94,29,7,,,
fc257331-38c1-46c8-9847-664b1b56f6e4,history.marketing,resell,94,29,7,"Sav.com, LLC",27/01/2025 15:30,27/01/2026 15:30
8477c482-7782-4054-b890-e51ba12117d9,history.mba,available,94,29,7,,,
4ad9d2dd-4274-4ebb-9ac5-d68aab1a6e7a,history.media,resell,94,29,7,"Sav.com, LLC - 7",19/06/2025 15:15,19/06/2026 15:15
e057914b-49e0-4a04-882f-d2b8f50d647b,history.melbourne,available,94,29,7,,,
67c38886-6a86-41e3-97ee-6570fbaaafb0,history.meme,available,94,29,7,,,
b4a22c89-75dd-42ca-93c5-16590a4be5ea,history.memorial,available,94,29,7,,,
911ada74-d28f-4a52-a55a-576f3b6a155c,history.men,available,94,29,7,,,
b2e56cbc-7d11-40b8-ab1c-1d21afadcedb,history.menu,available,94,29,7,,,
9b6236e0-c741-4baa-877a-3b8176ef4c59,history.mobi,available,94,29,7,,,
82fb483f-fe42-4992-bdce-4fc5fb1c28ff,history.moda,available,94,29,7,,,
c763cd21-d35b-46f9-ab50-0386f35e58c8,history.moe,available,94,29,7,,,
c0dae931-cf57-4f5b-8c4c-bf70e1cf5d5c,history.mom,available,94,29,7,,,
156a341a-7339-4002-b2f6-399a9da9f07d,history.money,expiring,94,29,7,"NameCheap, Inc.",02/10/2015 14:06,02/10/2025 14:06
d65fc65c-f967-4e2a-b7e8-b4aa50b9a4c4,history.monster,resell,94,29,7,"Spaceship, Inc.",15/11/2024 15:08,15/11/2025 23:59
52b6d148-0955-45b5-9483-b35b09940ce7,history.mortgage,available,94,29,7,,,
4fb871f7-7605-4e0b-b707-fe69bcd3b7ac,history.motorcycles,available,94,29,7,,,
29f82063-9bc4-4dec-8e93-8a6fe2bf249a,history.mov,available,94,29,7,,,
c1ae169d-dca4-41a7-89ca-0204be71f9b0,history.movie,available,94,29,7,,,
d023d0d3-d341-49f7-bf13-8ba2825c39f8,history.music,available,94,29,7,,,
683536c0-5a77-4026-8006-99070ab2bcce,history.my,available,94,29,7,,,
283acfe5-2711-40e5-94ee-0608db719760,history.name,available,94,29,7,,,
9a087337-3d9b-4701-ab81-30ad029dbc2e,history.navy,resell,94,29,7,"NameCheap, Inc.",17/02/2024 00:43,17/02/2026 00:43
21dcd08e-dfde-4c01-aeb0-c1065de2fc5e,history.nexus,available,94,29,7,,,
64aad40a-f93a-41e4-aa05-834c8e66239b,history.ngo,available,94,29,7,,,
a262cf30-d7b7-4dce-b3c1-d84b4bc547c5,history.nyc,available,94,29,7,,,
7aa1dfbc-e2cf-4ba5-b447-fbc843025b49,history.one,available,94,29,7,,,
91d37827-d324-4072-80d3-6a32ea47211e,history.ong,available,94,29,7,,,
90cc2185-2346-4d22-afd6-05fe48a0bdaa,history.onl,available,94,29,7,,,
56b5cfda-4846-4e63-bac3-946cd45e3cd6,history.online,premium,94,29,7,,,
c977c06a-07ce-46f9-956e-85dadd8f45ef,history.organic,available,94,29,7,,,
0848d59e-871f-4237-89a6-2085e30ddf08,history.osaka,available,94,29,7,,,
065ecd10-9a3b-4ce2-b30c-114ddec56d12,history.page,available,94,29,7,,,
728c9d1d-c84c-4e76-b884-d9bbfc2cda36,history.partners,available,94,29,7,,,
b75b0057-48f2-414d-a465-e5841df84146,history.parts,available,94,29,7,,,
15b639e8-afee-43d0-b596-ac665ce1a6b9,history.party,available,94,29,7,,,
c5fca252-4909-4159-abea-d668147d2872,history.pet,available,94,29,7,,,
1f49cd2a-f94c-431b-8eb7-6eb51e00c876,history.phd,available,94,29,7,,,
fae49809-389c-4f96-a1e1-56ea9e16a609,history.pink,available,94,29,7,,,
ad75543f-d317-4783-aed4-7826630e7fc5,history.pizza,available,94,29,7,,,
7f473d0f-2fa7-47b4-b86c-d2b3b47648a7,history.place,resell,94,29,7,"Spaceship, Inc.",20/11/2023 17:53,20/11/2025 17:53
ee6b8aab-76f3-4545-b2f3-26ce5ae737a7,history.plumbing,available,94,29,7,,,
e47fa0d5-9de4-4581-92da-51eef679cd2c,history.poker,available,94,29,7,,,
0b2b1285-e92d-4bcd-92d3-9998d7c45f7d,history.porn,available,94,29,7,,,
1231b282-c2d8-42d9-a9ad-b9cf474af15a,history.press,available,94,29,7,,,
edd2cd6e-ffab-4398-9018-060342cb6fa4,history.pro,resell,94,29,7,Dynadot4 LLC,26/11/2018 10:28,26/11/2027 10:28
53317ba9-cae6-4747-a1bf-5b37d366f77b,history.productions,available,94,29,7,,,
a5208cc4-ae99-4d0d-8629-214eb53e0513,history.prof,available,94,29,7,,,
c257fb73-138f-4589-9b65-fbc213c06006,history.promo,available,94,29,7,,,
cc497458-04ad-4b44-8ab3-0dfa132bc223,history.property,available,94,29,7,,,
49402291-3ffe-4c08-83c6-e5ea331cd619,history.protection,available,94,29,7,,,
e6cd8c3f-b9f3-49b4-b518-1cd71194a4b7,history.pub,available,94,29,7,,,
bb048080-48ed-4316-97ea-805bfc6c9d15,history.pw,available,94,29,7,,,
004f156c-1fc5-400e-9f35-3a0303e851a8,history.qpon,available,94,29,7,,,
0c64bc99-b5ad-4c1e-ba1c-f4d4dae25a60,history.racing,available,94,29,7,,,
6fa07595-544c-4124-9205-17b73f1768e6,history.realty,available,94,29,7,,,
38a7ba92-c385-4cbd-a45b-95f77e98b5b8,history.recipes,available,94,29,7,,,
9e2d510e-ee92-4569-892e-39f08a0da9d6,history.rehab,available,94,29,7,,,
859a954d-bcb9-433d-aa2b-137d644b1355,history.reise,available,94,29,7,,,
1f5d8554-6f3e-4dba-89a1-f84e73a26422,history.reisen,available,94,29,7,,,
1162dfaa-2108-45aa-ae74-af8b51519990,history.rent,available,94,29,7,,,
081538f7-97d4-4b6e-964d-c238b6ca61f1,history.rentals,available,94,29,7,,,
5578faab-8ccf-4f84-8bb3-7f3c33c73739,history.repair,available,94,29,7,,,
0b5d20d2-4358-4bf9-bc01-e96b91984891,history.republican,available,94,29,7,,,
10debb40-a510-45d5-bc7f-bb1542148f8c,history.restaurant,available,94,29,7,,,
d7bc6a11-13ad-493c-9d53-57e9914dd228,history.review,available,94,29,7,,,
c66029c5-a1c4-4965-a66d-2a9a7fd5abd3,history.reviews,available,94,29,7,,,
975b36d0-ed50-4490-ba11-bc3c6cced558,history.rich,available,94,29,7,,,
d66fb247-539e-4b6f-acfc-9a2aaddea64b,history.rocks,expiring,94,29,7,"GoDaddy.com, LLC",23/09/2023 17:31,23/09/2025 17:31
6b457d30-173b-4987-9eda-db21308f7ea6,history.rodeo,available,94,29,7,,,
728f28b7-910c-4836-ae47-d216acfcd306,history.rsvp,available,94,29,7,,,
e7852c0b-e285-4e11-bd66-e050503186d3,history.run,resell,94,29,7,"Sav.com, LLC - 29",26/04/2025 15:15,26/04/2026 15:15
24121921-32a7-4256-a540-ba60a3813e5c,history.sale,available,94,29,7,,,
a48702f8-dea9-4942-a222-9875f6b01f00,history.salon,expiring,94,29,7,Porkbun LLC,19/09/2024 19:29,19/09/2025 19:29
153c1852-e0b8-48ca-b931-026a7f51c796,history.sarl,available,94,29,7,,,
4a57dbbe-8ae8-4890-8626-d115adc1892d,history.sbs,available,94,29,7,,,
9850917d-7b6e-486a-885a-038f0a7af72b,history.schule,available,94,29,7,,,
13273d79-ac8d-4507-ab70-51ed598c814e,history.security,available,94,29,7,,,
e3f19fb8-5c42-4c88-801e-043146991951,history.services,resell,94,29,7,"GoDaddy.com, LLC",02/12/2024 17:41,02/12/2025 17:41
e9b3787e-d1cb-48a5-b90a-5b6a13daf00e,history.sexy,available,94,29,7,,,
ab4d0fd5-d178-4beb-b57b-731932140cb1,history.shiksha,available,94,29,7,,,
b98ad134-c5cf-4abf-8354-7b5ac8f12868,history.shoes,available,94,29,7,,,
1fd43d6b-3dbd-46e8-914a-4a03287b92c5,history.singles,available,94,29,7,,,
53c8e87e-2edc-47f7-972d-bab277f559c7,history.site,premium,94,29,7,,,
69abaa52-1014-4680-a69b-bf7a75d7b7aa,history.ski,available,94,29,7,,,
038e4898-255d-4349-b237-44531fe1c4db,history.skin,available,94,29,7,,,
7f06b01a-3d53-4f3c-a423-88438f4087ab,history.so,available,94,29,7,,,
422bad0d-a865-45e2-a35a-d637093cdbef,history.soccer,available,94,29,7,,,
9532a9fd-4166-4c6d-9abf-fe585092440a,history.software,available,94,29,7,,,
998f5583-4762-4f3d-8f3a-b4c6c00b2715,history.solar,available,94,29,7,,,
e56965db-7ea3-47ce-adce-9bc539a880b3,history.solutions,expired,94,29,7,"GoDaddy.com, LLC",28/06/2024 02:33,28/06/2025 02:33
205d3b67-423e-4629-9c91-ececd9bdc6cd,history.soy,available,94,29,7,,,
49093f5e-aaca-4f84-9a46-657537e024f9,history.space,premium,94,29,7,,,
7025e6fa-ef5b-4ec4-854e-967cfdea56bd,history.spot,available,94,29,7,,,
a975b458-7747-4a67-95ec-0eba6004c086,history.srl,available,94,29,7,,,
2714827a-112f-4a96-aa57-64009a7118c8,history.storage,available,94,29,7,,,
1b868029-7e47-42b8-ba6d-f0845ff5c1e6,history.store,premium,94,29,7,,,
25ad231f-a600-48af-8f4d-df957ea09d0a,history.stream,available,94,29,7,,,
ce912a9c-e427-4279-bfcd-ce66687377a9,history.study,available,94,29,7,,,
d01191c7-0176-4085-911e-cc4a3eb0563a,history.style,available,94,29,7,,,
b52ae19a-2892-4053-bdb5-6f0b8eb15c56,history.sucks,expired,94,29,7,"GoDaddy.com, LLC",03/09/2023 15:32,03/09/2025 15:32
b3222c6b-5761-4b6b-917e-36c62fac804a,history.supplies,available,94,29,7,,,
109479a7-cb19-4790-8025-cfc11a5ab463,history.supply,available,94,29,7,,,
252b59c6-4e45-4e8c-949d-dfeb569d70a5,history.support,available,94,29,7,,,
3af7c594-dc8e-4930-9a1f-101c6ae5dc66,history.surgery,available,94,29,7,,,
08e07164-666f-4133-aa3b-0a12aac25672,history.systems,resell,94,29,7,"GoDaddy.com, LLC",29/11/2024 22:44,29/11/2029 22:44
43d8a935-7f99-4907-a0f8-1019beb4f979,history.tax,available,94,29,7,,,
a61e807c-e207-4e86-9e86-bcbadba39f5a,history.taxi,available,94,29,7,,,
3976901e-ca1b-4c2c-99c8-9aea7f6f5b35,history.team,resell,94,29,7,"DNSPod, Inc.",04/02/2018 15:06,04/02/2026 15:06
552ea068-f88f-4fcb-aa76-94f822af6057,history.tech,premium,94,29,7,,,
85e62276-cb20-4c79-af9a-6a5cccd097f9,history.tennis,available,94,29,7,,,
3acf7c52-e625-4103-8524-a2a0312a5681,history.theater,available,94,29,7,,,
17e5136d-343c-4fbc-a09f-3451f50691eb,history.theatre,available,94,29,7,,,
3c01012e-5380-40dd-b29f-a949050ddce6,history.tickets,available,94,29,7,,,
8633c452-b955-4757-b149-64b333c92b04,history.tienda,available,94,29,7,,,
57f606d1-eded-4e75-b4e1-adf523f18065,history.tires,available,94,29,7,,,
35aa7d96-ae4f-4056-a61d-aa64daf5644f,history.today,resell,94,29,7,"Chengdu West Dimension Digital Technology Co., Ltd.",16/09/2018 09:42,16/09/2030 09:42
cd5522cd-f48e-4e7b-a1c0-30aa2f4ff738,history.top,available,94,29,7,,,
d5d0bec5-ae20-47de-a5e5-3177c5eb43b6,history.tours,resell,94,29,7,"Sav.com, LLC - 27",09/08/2024 17:00,09/08/2026 17:00
8a9584e6-d518-40d6-94fd-ea7248ba52ee,history.town,available,94,29,7,,,
2e5805ed-87b6-43cb-919e-fb226e29ea48,history.toys,available,94,29,7,,,
966d3683-7eb2-4367-ab65-76a421eeff2d,history.trade,available,94,29,7,,,
aa995750-134a-4739-af84-27d5f3390274,history.tv,resell,94,29,7,Dynadot Inc,19/03/2010 04:00,19/03/2026 04:00
6baf2363-1084-4b87-8b0e-c7794be4bc32,history.uno,available,94,29,7,,,
7ab9c24e-439e-4495-83e8-add3eebdd807,history.vana,available,94,29,7,,,
976ff42e-4eb4-445f-8aaf-e39f742c27dd,history.vegas,available,94,29,7,,,
5dcce6be-4561-4045-b127-170120345585,history.ventures,resell,94,29,7,Domain Science Kutatási Szolgáltató Korlátolt Felelősségű Társaság,22/08/2024 17:00,22/08/2026 17:00
357a15a3-087e-4dd9-82a3-00b82d63dc0a,history.viajes,available,94,29,7,,,
08525cfe-a18b-444c-af4f-ab7401b098c9,history.video,available,94,29,7,,,
a2c9e93a-0525-42e8-982b-456c1c80b9de,history.villas,available,94,29,7,,,
293dd7b4-eaff-49ba-ab5b-ce27a302efe7,history.vodka,available,94,29,7,,,
bcf0c378-c003-4ecb-bd5f-f6db17db128c,history.vote,available,94,29,7,,,
8658254d-a593-414d-8ad7-3bfd8c78daa7,history.voting,available,94,29,7,,,
ee90f28f-e90d-4de7-9b3d-6c10b268af69,history.voto,available,94,29,7,,,
184bdaff-2d7d-4e5b-b892-f689aa65aa50,history.watch,available,94,29,7,,,
7e40cd14-bda9-49ee-8084-b205caba5c7e,history.webcam,available,94,29,7,,,
321bc98f-c959-4a59-90f7-2738aa3bc763,history.website,available,94,29,7,,,
ae847184-cf69-4806-9692-fe310d22f0ba,history.wedding,available,94,29,7,,,
8279ebf2-255b-4f87-94e5-a2c15a0bd0eb,history.wiki,available,94,29,7,,,
a90133fe-c6fa-4364-934e-e922cad37948,history.win,available,94,29,7,,,
e1e154b9-295e-4192-8d2b-74ba4c5017c3,history.wine,available,94,29,7,,,
2a2f65f5-e650-48d0-97df-4ba255ae3397,history.work,available,94,29,7,,,
05c527e6-0c06-4bf6-b17f-3d7cb7735e75,history.world,resell,94,29,7,"GoDaddy.com, LLC",14/04/2019 21:59,14/04/2026 21:59
70a0de69-049e-4e7d-b7f2-99989b56b7d9,history.wtf,resell,94,29,7,"Sav.com, LLC - 11",30/12/2024 15:15,30/12/2025 15:15
269c5634-3373-49e2-b175-006d82ff7773,history.yoga,available,94,29,7,,,
7cf1d94b-2691-4386-a26d-8e983343b862,history.zip,available,94,29,7,,,
3404ca6c-65c9-44fd-b80e-fd837819fad1,history.zone,resell,94,29,7,Alibaba Cloud Computing Ltd. d/b/a HiChina (www.net.cn),02/12/2021 13:15,02/12/2025 13:15
99693e9d-7593-41a3-b275-d019bcba5ffc,literature.at,available,70,84,10,,,
3ef7f36b-1a79-4c80-95b4-9169880a69fa,literature.co,expiring,70,84,10,1API GmbH,20/07/2010 18:00,19/07/2025 23:59
8a2513d5-f57a-4274-bfb7-0fdeb66a3f0e,literature.dev,available,70,84,10,,,
54624438-fca6-49f5-8ac7-27ae52ccd48a,literature.expert,available,70,84,10,,,
8faca00a-343e-46e9-9e28-0dc1c60118ef,literature.gg,available,70,84,10,,,
88499492-2414-434b-b059-290a63c9069b,literature.me,expiring,70,84,10,"GoDaddy.com, LLC",17/07/2008 21:49,17/07/2025 21:49
19b5a479-1f07-47de-bda8-bc4bbd912800,literature.ninja,available,70,84,10,,,
eaad5f28-ea20-4e6a-a8ee-532154036ef0,literature.online,available,70,84,10,,,
a104ee39-8e50-4e2c-972f-a1f7717a0047,literature.site,available,70,84,10,,,
ca7a3237-c354-4f9e-b60b-22837c3326f5,literature.space,available,70,84,10,,,
64ef9158-3b2f-49d8-9a02-226f2076e4d2,literature.store,available,70,84,10,,,
d4361b08-08c2-4092-99e5-0a6540e9757a,literature.tech,available,70,84,10,,,
8bdb8667-7f06-4767-80fa-5fee28222bab,literature.xyz,sold,70,84,10,Dynadot LLC,18/08/2016 08:43,18/08/2027 23:59
5cf272ad-d7c2-4037-b278-0a966692746b,philosophy.dev,available,84,92,10,,,
5f3d612f-5bf5-41e8-ab02-1da6daef7ddf,philosophy.expert,available,84,92,10,,,
f234f976-acf6-42f0-9e8e-92b010078df1,philosophy.gg,available,84,92,10,,,
74eb4ef4-a45c-4f5b-ac69-e5049390a388,philosophy.me,resell,84,92,10,Dynadot Inc,10/07/2008 03:30,10/07/2026 03:30
3b0bd8fa-8257-47a5-8aab-062a20352724,philosophy.ninja,expiring,84,92,10,InterNetX GmbH,30/07/2021 10:19,30/07/2025 10:19
7166c2e2-45ea-417a-8873-03849ccc4fe0,philosophy.online,available,84,92,10,,,
4339617a-2a8f-42bb-9249-755facd1f3ac,philosophy.pro,resell,84,92,10,Epik LLC,17/06/2019 10:27,17/06/2026 10:27
dfec4510-bdba-41cd-a952-aef97664b080,philosophy.site,available,84,92,10,,,
0e6713d0-2abc-4feb-adb0-4bfe26de8cc9,philosophy.space,available,84,92,10,,,
34bbbc91-a317-4b09-9a6f-d6a59dd34f51,linguistics.cloud,available,58,80,11,,,
756bce9a-ab1e-4971-b18d-bdd8a243474d,linguistics.co,expiring,58,80,11,Porkbun,25/07/2017 18:03,24/07/2025 23:59
ad4f9d77-9299-476e-b901-14fb3f124523,linguistics.expert,available,58,80,11,,,
f80858f2-d3a2-4f1e-847f-ab38d22ff93f,linguistics.gg,available,58,80,11,,,
cedaa9e9-e373-4a04-9d32-2d551b96b776,linguistics.io,resell,58,80,11,"Sav.com, LLC",24/10/2022 14:18,24/10/2025 14:18
1576b405-ba49-4cd2-81e3-dfd07c6b600b,linguistics.ninja,available,58,80,11,,,
0b10ce6a-7fe5-4295-b75a-02bce95430dc,linguistics.online,available,58,80,11,,,
8911c58d-65c3-4379-9eef-d40509a7ccf3,linguistics.site,available,58,80,11,,,
fee043b1-5742-4c60-aba8-dc07aca319dc,linguistics.so,available,58,80,11,,,
c8543bb5-7ba2-454a-9697-eb909d68db7c,linguistics.space,available,58,80,11,,,
ca622d02-d498-4997-8518-a0eec9c4034f,linguistics.store,available,58,80,11,,,
f4cc9e00-364b-455c-8155-5ee44cdce47b,linguistics.tech,available,58,80,11,,,
0a7dee26-dbb8-4973-a6d8-f4423d505096,linguistics.us,resell,58,80,11,"GoDaddy.com, LLC",09/07/2012 18:06,08/07/2026 23:59
6c26aaa4-7df6-427b-9f5d-33413c32acb6,linguistics.zone,resell,58,80,11,"NameCheap, Inc.",03/06/2021 11:11,03/06/2026 11:11
ff4ad2be-884c-43ab-99d2-8296ef901a75,humanities.ac,available,70,6,10,,,
4ebdf14d-4ba9-42b2-a362-b3cc82d9c144,humanities.accountant,available,70,6,10,,,
64b7317d-3388-4081-836f-f99806e9a5a8,humanities.accountants,available,70,6,10,,,
d564e039-c0bc-49dc-838f-d4932e7b3c72,humanities.actor,available,70,6,10,,,
23b1c810-b46f-4196-a00d-31ae96167feb,humanities.adult,available,70,6,10,,,
8218420b-ef23-4b38-8f13-957b15d3f7ed,humanities.ag,available,70,6,10,,,
7a7c5631-aecd-4517-853f-06ef7fadbabd,humanities.agency,available,70,6,10,,,
2ddad9f4-fe84-4214-bdbe-6270b42e191f,humanities.ai,resell,70,6,10,"GoDaddy.com, LLC",04/07/2023 16:22,04/07/2027 16:22
2d76f75d-280e-4025-a22f-b3cc2b24e5b5,humanities.airforce,available,70,6,10,,,
fbf57961-2c97-49e6-9563-910b45d09cb6,humanities.apartments,available,70,6,10,,,
70f270fc-b398-43e6-a310-03a588f32116,humanities.app,available,70,6,10,,,
9f5293ca-6b02-46c3-adf5-4ac5ed4790bc,humanities.archi,available,70,6,10,,,
7319e2df-0769-4530-93eb-af48fb11e4b5,humanities.army,available,70,6,10,,,
694ce21f-10ac-4637-9d8a-11bea2fa05e0,humanities.art,available,70,6,10,,,
7b6ab296-7b17-410e-bc68-bd2ab6d6279c,humanities.asia,available,70,6,10,,,
8b92db86-cd88-4e5a-89f6-0af3b1376508,humanities.associates,available,70,6,10,,,
eb08220f-b2d3-4299-ac7d-7736d9b0792f,humanities.attorney,available,70,6,10,,,
cb2b2fbe-e52c-4593-8454-87dec196ff37,humanities.auction,available,70,6,10,,,
01dd409c-5082-4136-8eec-a6d56d2d50b4,humanities.audio,available,70,6,10,,,
588893f3-7ef3-4d06-96e9-e3edd5a1fa20,humanities.auto,available,70,6,10,,,
195097a0-e594-4b28-a599-e0060b260107,humanities.autos,available,70,6,10,,,
c537ea5b-3a14-4bcc-8289-886275a77a0e,humanities.baby,available,70,6,10,,,
41400b0c-4947-46f6-820b-c76771cc2da9,humanities.band,available,70,6,10,,,
e0be50c2-ef2a-4260-8cb6-9133273e1d07,humanities.bar,available,70,6,10,,,
6c11cf26-0be8-4c70-be55-f031c57da381,humanities.bargains,available,70,6,10,,,
985b4c8c-c379-4e23-9aa4-b2e5e5ef7463,humanities.bayern,available,70,6,10,,,
8e622a96-ffba-4281-ab70-b6e2ee2dae6f,humanities.beauty,available,70,6,10,,,
7fe13e50-b0e9-45d7-ba04-39e940c08e59,humanities.beer,available,70,6,10,,,
246888d4-0845-46d5-b997-b46425fd5599,humanities.berlin,available,70,6,10,,,
e23ecb55-cb5d-4528-9bd5-7048dfb2feb1,humanities.best,available,70,6,10,,,
2c4b910d-f496-4b52-9774-2aefe8c92935,humanities.bet,available,70,6,10,,,
f5ee7a0b-55c0-40f0-84a3-ea7538e61292,humanities.bid,available,70,6,10,,,
86d39b55-dd43-4977-97dc-3d6d64933c89,humanities.bike,available,70,6,10,,,
42face10-0cc7-4320-a1b7-1336b2fdd786,humanities.bingo,available,70,6,10,,,
67206179-ff7b-441b-b125-f3cb1c574273,humanities.bio,available,70,6,10,,,
408542cb-7715-4b9f-92e3-d02f5fbba188,humanities.black,available,70,6,10,,,
41428bb0-0468-4c74-9517-c7aa1d41f74f,humanities.blackfriday,available,70,6,10,,,
2ba55cd8-0943-4531-bb2f-aa1737b53324,humanities.blog,available,70,6,10,,,
f9c0036e-a4ae-4e7f-af0d-466dd2207d49,humanities.blue,available,70,6,10,,,
5ef5ce1a-887e-4780-8afd-28004869be4b,humanities.boats,available,70,6,10,,,
510558cb-0da6-4332-ad2c-d6f40a46bc85,humanities.bond,available,70,6,10,,,
06947ea9-f8b3-42a6-9b09-0d9be4f4c8cd,humanities.boo,available,70,6,10,,,
012b1bb9-0ccf-403c-ad15-af11ca71b995,humanities.boston,available,70,6,10,,,
e7face56-1f2c-4169-a0dd-4152169b845a,humanities.boutique,available,70,6,10,,,
89487984-c2a6-4359-a0de-919b77cddff8,humanities.build,available,70,6,10,,,
a0562e91-cec0-47bb-bb69-0f8d17d3f246,humanities.builders,available,70,6,10,,,
fe156c5a-9348-4e22-b1d4-f66a0f08c05b,humanities.business,available,70,6,10,,,
68cf3b77-4876-47d2-ad63-6d36ca1700b8,humanities.buzz,available,70,6,10,,,
10ae40e5-a526-43d0-9b2e-b7fa90e7a063,humanities.bz,available,70,6,10,,,
9fe8782d-c698-479e-bbe3-5d0226392abd,humanities.cab,available,70,6,10,,,
298d57fb-d113-4f7d-b57a-8ca1dfd60b6e,humanities.cam,available,70,6,10,,,
12b8bb0e-4bcd-44c1-8382-21ded5cc0a25,humanities.camera,available,70,6,10,,,
8a461bf2-be80-40d5-9014-d88efcfe9cfe,humanities.camp,available,70,6,10,,,
14d07dca-f494-4b29-9770-02e2127d9f0b,humanities.capital,available,70,6,10,,,
d9765788-fe6d-48fe-9b76-2041d8f9531a,humanities.car,available,70,6,10,,,
4c3b4932-2b4b-4bee-bb93-de525de8bd59,humanities.cards,available,70,6,10,,,
4c5803f4-833f-4aab-9d5c-4c58b8ca5bcf,humanities.care,available,70,6,10,,,
99e16088-ff01-4496-b27c-fd120b396b9e,humanities.careers,available,70,6,10,,,
d6de18fa-7ed7-4333-ac6b-68b31d4a2fee,humanities.cars,available,70,6,10,,,
47c7eb84-669b-44c4-9c52-8a9a8d94ae76,humanities.casa,available,70,6,10,,,
abbe1d82-1e22-48b4-8efa-06898c30ebf1,humanities.cash,available,70,6,10,,,
9592c999-8bd8-4b98-a1db-aa8af61269a1,humanities.casino,available,70,6,10,,,
96133f46-941c-4c9f-9435-5cdc17b2e72a,humanities.catering,available,70,6,10,,,
c0d2236b-a685-483c-a113-95f75db66e06,humanities.center,available,70,6,10,,,
2e089236-1f87-4fa4-bbe0-e76b5806f5bc,humanities.ceo,available,70,6,10,,,
210743af-76cd-416a-9d91-17b0e43dab06,humanities.cfd,available,70,6,10,,,
86eae4ad-7202-4566-902c-4b847824f969,humanities.charity,available,70,6,10,,,
16f22ef6-6cb2-43c0-8d79-bfd030819cae,humanities.chat,available,70,6,10,,,
688d10ba-04b2-40e8-862b-5711406596f9,humanities.cheap,available,70,6,10,,,
d97824df-26cb-4e0e-97be-ac131991d14a,humanities.christmas,available,70,6,10,,,
470ae9af-d0b9-4439-b8bd-6fb74d1391bf,humanities.church,available,70,6,10,,,
39343187-b71f-4b36-b26c-9313093b95fb,humanities.city,available,70,6,10,,,
925ed5dd-fd69-4cce-84da-cf8ddfe2e0c3,humanities.claims,available,70,6,10,,,
6788da0f-1cdc-449a-96ef-c276c2d658a7,humanities.cleaning,available,70,6,10,,,
cd88a2a6-67c4-4d40-8626-f8449abc924d,humanities.click,available,70,6,10,,,
eb4e7bc7-22c3-4363-9f33-be20d118d7a4,humanities.clinic,available,70,6,10,,,
1681966d-a981-4644-87fb-4c433ece3ae2,humanities.clothing,available,70,6,10,,,
c9fb008d-6802-4f7a-bfaf-a02db60361ce,humanities.cloud,available,70,6,10,,,
d919c49e-f1b8-464e-941e-fa559389490a,humanities.club,available,70,6,10,,,
730fcdbd-0c1e-4c68-8b34-dbe5f6a9e7a2,humanities.coach,available,70,6,10,,,
10b6b955-3515-4be1-92fb-953af8ac63e5,humanities.codes,available,70,6,10,,,
5c3c173a-a267-413d-afaf-9ca1a17ffdee,humanities.coffee,available,70,6,10,,,
a2784b10-be50-4f15-94b2-e1bfc041d9b3,humanities.college,available,70,6,10,,,
85ee0638-865c-4365-ac49-d11f7257587f,humanities.community,available,70,6,10,,,
a68fc4d9-ccaf-46c1-8b0b-d42a029ce512,humanities.computer,available,70,6,10,,,
96570b4e-7c8d-489b-91fb-1160468068a4,humanities.condos,available,70,6,10,,,
da3ab3cc-1cba-444c-96e7-4b0b76fbb0ac,humanities.construction,available,70,6,10,,,
43405481-7136-4082-8305-5e9e859a2114,humanities.contact,available,70,6,10,,,
3e0b0023-5783-475a-b5e1-eab45bf2320d,humanities.contractors,available,70,6,10,,,
9184b820-2750-449c-8aa3-2c1e35a69eea,humanities.cooking,available,70,6,10,,,
0cb00170-f9b3-4f4e-ae30-05ad0ffd24a7,humanities.cool,available,70,6,10,,,
7d63b464-266f-40a4-ab7a-6260b9bc3892,humanities.country,available,70,6,10,,,
b18ac23c-490d-48a7-99fe-1f420c4efa80,humanities.coupons,available,70,6,10,,,
087b35ac-5b03-48c4-b710-408dbbadadfe,humanities.courses,available,70,6,10,,,
6dd2b8c1-f670-4490-860b-cf26afa972b0,humanities.credit,available,70,6,10,,,
d21f419a-ee41-4b3b-b92a-fb2e05ab93a1,humanities.creditcard,available,70,6,10,,,
c516f66c-f296-4eac-95e9-970047de65a3,humanities.cricket,available,70,6,10,,,
ef87adf3-898c-49e6-b870-f23d39126694,humanities.cruises,available,70,6,10,,,
49dc42e8-726c-47b7-b610-680786c4eb2c,humanities.cv,available,70,6,10,,,
08d467dd-650a-450f-9437-2a12978ac141,humanities.cx,available,70,6,10,,,
00fbdf5f-0a61-4e11-8898-51902d80f315,humanities.cyou,available,70,6,10,,,
b193b357-36b8-4e4d-a856-ac8573371b34,humanities.dad,available,70,6,10,,,
813b3386-36c6-4beb-af4d-684daaa9ca3b,humanities.dance,available,70,6,10,,,
0db5e8db-f225-410f-a329-a1e4347db95d,humanities.date,available,70,6,10,,,
892d8427-740f-4c60-b7ef-f28dcdb8ee0b,humanities.dating,available,70,6,10,,,
de4efde3-4469-4057-b635-247b80e25532,humanities.day,available,70,6,10,,,
e512d7b6-8a33-49ce-9762-cc1d49f8b8a3,humanities.dealer,available,70,6,10,,,
da3a7f41-a5c6-4ae6-afc8-37db9d3702e7,humanities.deals,available,70,6,10,,,
50f4ec42-ad6c-4963-a055-827f238afa0a,humanities.degree,available,70,6,10,,,
cc95c43f-c6fc-42a8-be76-e66696c33435,humanities.delivery,available,70,6,10,,,
deb38ea2-a7ba-4e95-848e-e5d5cee928cf,humanities.democrat,available,70,6,10,,,
730bd782-5a68-4e0e-8843-a737f7ea5525,humanities.dental,available,70,6,10,,,
ac43cc84-3a75-43d8-ab5c-3f7fff0b79b2,humanities.dentist,available,70,6,10,,,
9044e3f9-b6db-4668-ab7e-1115718d0c9b,humanities.design,available,70,6,10,,,
bdf9d682-77d8-48ad-8729-a61c2c965fcd,humanities.dev,available,70,6,10,,,
95461127-8541-4905-8d8c-f336f0150766,humanities.diamonds,available,70,6,10,,,
c164bc18-6118-466e-bd06-acd78d3e263f,humanities.diet,available,70,6,10,,,
7bf991a9-742c-46f7-a918-723494defe0a,humanities.digital,expired,70,6,10,"GoDaddy.com, LLC",26/06/2023 10:25,26/06/2025 10:25
a16a896b-2604-4771-911a-cdf20a478ec1,humanities.direct,available,70,6,10,,,
1a2a1d47-d518-4a67-baae-4c89d529417f,humanities.directory,available,70,6,10,,,
191d1a2a-c847-4e92-8d42-558505182980,humanities.discount,available,70,6,10,,,
11eea044-c460-428e-99fb-ab5ad3fde816,humanities.diy,available,70,6,10,,,
a08eb5a0-8a46-4abc-98fa-a5dd42e72135,humanities.doctor,available,70,6,10,,,
65718400-1ed4-42f9-9652-e79dc1ca22d5,humanities.dog,available,70,6,10,,,
b7777bdf-2976-41a0-920b-565e9e16e994,humanities.domains,available,70,6,10,,,
142a393f-064d-498e-9d55-5dca6f133c11,humanities.download,available,70,6,10,,,
e72ecba3-10b7-424b-b3a7-c4cd1aef9ece,humanities.education,available,70,6,10,,,
21b94667-027a-45b8-8fb0-72d129e65b18,humanities.email,available,70,6,10,,,
384ec44f-4d0b-49a5-ab2e-c050dbfc65e2,humanities.energy,available,70,6,10,,,
cb24e1c1-6033-4ff2-8585-b06809d73303,humanities.engineer,available,70,6,10,,,
b8f1a65d-a3f6-4a4c-9b91-1f5e6d9632d2,humanities.engineering,available,70,6,10,,,
715aa4a4-f277-45aa-9281-119793cfea9d,humanities.enterprises,available,70,6,10,,,
cb358c13-d8fb-43cf-9dae-220ffeb3a23b,humanities.equipment,available,70,6,10,,,
b32605fc-645b-41e8-bf45-4359bc1053be,humanities.esq,available,70,6,10,,,
b3818bde-8d74-4445-b3b9-f30235f2f3ae,humanities.estate,available,70,6,10,,,
8186b66d-d12d-402d-ba3e-5632f9bfd889,humanities.events,available,70,6,10,,,
bf1ba25c-2af5-4f10-ba91-8d2ee57c987c,humanities.exchange,available,70,6,10,,,
ef9b4a1e-62c5-40ae-a376-d4753db66b69,humanities.expert,available,70,6,10,,,
04bec642-4e62-4df6-99a4-7f2cd67a3f6f,humanities.exposed,available,70,6,10,,,
e1804a2a-7d4e-4a8c-be2d-68590a990504,humanities.express,available,70,6,10,,,
677c4047-70cd-40ae-a113-d9cdda0e1e16,humanities.fail,available,70,6,10,,,
3c8e9bb7-7b16-4215-9fdd-0e0caa320c1b,humanities.faith,available,70,6,10,,,
76611752-0de1-4ba1-9d15-3a72e6ae3752,humanities.family,available,70,6,10,,,
8db73923-f1bc-49b2-a8be-eab9050eaf6f,humanities.fan,available,70,6,10,,,
cbe4f0ab-0812-4ee2-8412-961fcc3785a8,humanities.fans,available,70,6,10,,,
0535c0d7-13c0-41b2-8695-d69020464c8c,humanities.farm,available,70,6,10,,,
37bce470-86f8-4011-8e07-8a0a622f6ac6,humanities.fashion,available,70,6,10,,,
10afc4da-3760-427d-865b-45cd31e7d174,humanities.feedback,available,70,6,10,,,
19df94c0-67fc-4d38-b6c3-346d5b6b9417,humanities.film,available,70,6,10,,,
79854046-cec1-4476-bdb8-b898e567eed5,humanities.finance,available,70,6,10,,,
650413b4-0007-4cc4-9c82-601a016af92e,humanities.financial,available,70,6,10,,,
1c77812d-8754-4c2b-98f6-1e48653ddc74,humanities.fish,available,70,6,10,,,
4717ef87-3759-4483-858b-1b4cb80d8ac4,humanities.fishing,available,70,6,10,,,
3fcde7de-dd15-4f30-9ed2-f3aa2b7bbf88,humanities.fit,available,70,6,10,,,
9e8150f7-b7ce-42cd-9530-353061ff7905,humanities.fitness,available,70,6,10,,,
8bbad75b-1c99-4f74-8eac-ba6c0139d705,humanities.flights,available,70,6,10,,,
afc087e6-fa4b-403d-a147-208729b22864,humanities.florist,available,70,6,10,,,
ed8b2b9e-45dd-44bf-8e34-44d40b8ff22a,humanities.flowers,available,70,6,10,,,
f0d8d6d5-ae62-4e06-a407-7b15bbae9c48,humanities.fm,available,70,6,10,,,
62c2a9a6-ad28-4a30-8250-ab4a1082de60,humanities.foo,available,70,6,10,,,
5491fb99-caee-420e-8666-4e3183204fd6,humanities.food,available,70,6,10,,,
d96ae48b-ff6b-4acb-b1cd-3916dc79dd94,humanities.football,available,70,6,10,,,
bc5ea374-642f-4c0e-b5e1-77b70cf4ea27,humanities.forsale,available,70,6,10,,,
67178dab-1170-4348-9065-12a0b42698c6,humanities.forum,available,70,6,10,,,
02eeb154-50b6-4eac-bc64-3ad557755dc6,humanities.foundation,available,70,6,10,,,
6c846afd-e9bb-459e-a699-ccbc8bfd48b0,humanities.fun,available,70,6,10,,,
fb6a1a5d-31e8-4db0-bb04-17a6e69f9a59,humanities.fund,available,70,6,10,,,
45843a22-291e-4bd0-929e-bd09a798b106,humanities.furniture,available,70,6,10,,,
5ddfafc6-070c-4759-bfb9-adfa025a6ef0,humanities.futbol,available,70,6,10,,,
6ee3063d-d059-4e85-99fc-44ef3b62e7e2,humanities.fyi,available,70,6,10,,,
05a8a8d0-f9a5-473c-a2c2-c21b0c88d0ef,humanities.gallery,available,70,6,10,,,
0cd9c1e6-8371-49e8-84a4-efae6c766b6e,humanities.game,available,70,6,10,,,
7c7c2ff3-8678-4cdb-a308-c6dc48b4cb6b,humanities.garden,available,70,6,10,,,
bd555cbc-bec0-4927-9322-67ea61f78d3b,humanities.gay,available,70,6,10,,,
318a654f-f7ec-43f1-aff5-870ceaecc850,humanities.gg,available,70,6,10,,,
3b269109-4bf4-4714-9501-da9937e8f136,humanities.gift,available,70,6,10,,,
f5491cde-3a43-43cb-ae6c-a4cb311151fb,humanities.gifts,available,70,6,10,,,
bc758167-b154-412e-9584-3739270d7de5,humanities.gives,available,70,6,10,,,
76cc0b45-9b7f-4870-96a7-22429e4b6dba,humanities.giving,available,70,6,10,,,
5d4ed160-713d-4694-b9a6-95281f7aa84b,humanities.glass,available,70,6,10,,,
d1fcdb72-fe59-46b2-ab61-f2e5f375b6d3,humanities.global,available,70,6,10,,,
78523407-3ebe-4250-98df-d9b6c5b474e0,humanities.gmbh,available,70,6,10,,,
ac8344ea-73d2-43f1-8a21-0c5fc4cb41fd,humanities.gold,available,70,6,10,,,
db60e90e-8b35-435e-a118-c48cab6dd7f5,humanities.golf,available,70,6,10,,,
e13ef6fa-8484-46d2-85f6-94cbad05250c,humanities.graphics,available,70,6,10,,,
c0bd2773-ceb6-4c42-b1cc-49d027975401,humanities.gratis,available,70,6,10,,,
9d26e7d1-e73a-455c-9179-e72be5dc4d9a,humanities.green,available,70,6,10,,,
e164d499-d333-4e5e-8ed6-2da49beb04a0,humanities.gripe,available,70,6,10,,,
b28d7a4b-6cb4-4706-9312-5d06b03621c0,humanities.guide,available,70,6,10,,,
ea0e47ed-46ea-447d-9d9c-fbd851c64f55,humanities.guitars,available,70,6,10,,,
da95f0e1-e4a4-4abb-92cb-4064366ed2af,humanities.guru,available,70,6,10,,,
d7329700-f49b-46a4-bb57-3f89c60d736d,humanities.hair,available,70,6,10,,,
5b773a6b-04d4-4cf5-be2e-5a834b976a45,humanities.haus,available,70,6,10,,,
38cd828f-7564-43ba-b306-20feac32f4a3,humanities.health,available,70,6,10,,,
1aa29ee1-c9d9-4788-b7f4-064987484cef,humanities.healthcare,available,70,6,10,,,
4d4f4306-9ede-490d-93bc-5b6298eab6b8,humanities.help,available,70,6,10,,,
14c529c2-485b-4a01-8b4d-9a110d79b603,humanities.hiphop,available,70,6,10,,,
9c1d9cf1-145c-432f-bd2b-648ccffee84e,humanities.hiv,available,70,6,10,,,
69bc2c40-7bd0-431d-a465-b861f6750b2e,humanities.hockey,available,70,6,10,,,
f5598fac-3c07-4af8-9852-2b2d80e10f78,humanities.holdings,available,70,6,10,,,
354a93c2-a479-4342-956a-fa5a279b8d29,humanities.holiday,available,70,6,10,,,
e67eae91-d4e1-471f-8d41-95c14eead022,humanities.homes,available,70,6,10,,,
a1684dbb-7c0f-4750-9b50-5d345ce8d840,humanities.horse,available,70,6,10,,,
c54b1cef-7540-4b90-ae9b-98ff765fcfd1,humanities.hospital,available,70,6,10,,,
8371e513-6dcd-4bba-b776-caafe7ae573d,humanities.host,available,70,6,10,,,
95c072b9-a6d1-4ffb-9fc4-fb3ebe74baa4,humanities.hosting,available,70,6,10,,,
d6a3df16-4048-4b96-a1e8-6249923ef92d,humanities.hot,available,70,6,10,,,
876ac177-4db0-4913-82d5-5824edef5a57,humanities.house,available,70,6,10,,,
e8198285-3650-455c-9aa3-5cbd26cbd287,humanities.how,available,70,6,10,,,
38cc9be6-ffde-4b3c-84b2-5d1c246d8de2,humanities.icu,available,70,6,10,,,
529be1ab-d365-49d8-ad8e-c36712a25bcc,humanities.im,available,70,6,10,,,
5a99957a-ce0c-459b-8501-acdc786dbd97,humanities.immo,available,70,6,10,,,
c2f8fe45-8a54-4539-8fb7-c9700cd2fe0d,humanities.immobilien,available,70,6,10,,,
17d03e9a-ff1f-49a3-8944-2d8458d73aae,humanities.in,expiring,70,6,10,"Name.com, Inc.",24/09/2019 16:53,24/09/2025 16:53
9e787cf3-f6e0-44fa-b2e8-74be4a17ded0,humanities.inc,available,70,6,10,,,
0e848160-fa4d-42de-a566-4f454871168c,humanities.industries,available,70,6,10,,,
1cb524e6-93da-4c42-a273-dd82c5f786f8,humanities.info,resell,70,6,10,"Sav.com, LLC - 7",06/08/2024 17:00,06/08/2026 17:00
dbb47d49-802b-4581-bb47-33da65097b23,humanities.ing,available,70,6,10,,,
ece15afb-6703-44ac-b22f-fd111f581734,humanities.insure,available,70,6,10,,,
0ecbb56b-9843-40cd-b90f-3b217f3088c4,humanities.international,available,70,6,10,,,
9a2bbca4-b172-4112-8e90-bdaff3389d74,humanities.investments,available,70,6,10,,,
ef84c7f4-1a84-43ba-8b99-0df3d313a7af,humanities.irish,available,70,6,10,,,
19c4f351-00ce-4ade-920c-3c94c21efdbd,humanities.it,resell,70,6,10,,19/05/2012 10:24,05/06/2026 00:00
8f0604c6-fa4c-406f-a520-be1120f1b8e0,humanities.jetzt,available,70,6,10,,,
6d55d3e3-501d-42f2-9d24-fdb26d04d332,humanities.jewelry,available,70,6,10,,,
e0e216ee-60e0-4bcd-a1fd-d5c3dcee5259,humanities.juegos,available,70,6,10,,,
309ec732-f961-4bef-989e-09c9a323831c,humanities.kaufen,available,70,6,10,,,
a9e7daf9-c033-4cbc-aaaf-133b89cc61da,humanities.kids,available,70,6,10,,,
e06b469d-7b08-4873-8c89-c8711b053b20,humanities.kim,available,70,6,10,,,
653b7514-3c43-46a6-820c-9179c075974c,humanities.kitchen,available,70,6,10,,,
c3615283-5eb8-4f94-834d-d9e576153923,humanities.la,available,70,6,10,,,
91ff36c5-593b-480c-b8ed-b0953130279f,humanities.land,available,70,6,10,,,
803037a5-5640-4538-9d87-d30893be5cd5,humanities.lat,available,70,6,10,,,
27707d30-1706-425b-8a13-445e7d8adff2,humanities.law,available,70,6,10,,,
da266e44-47a5-48b3-85e7-8a01ffa98557,humanities.lawyer,available,70,6,10,,,
358e91e2-1a42-47e2-89ec-132119704c69,humanities.lease,available,70,6,10,,,
bc2fd0af-5356-4d32-8663-d6181e1a0f98,humanities.legal,available,70,6,10,,,
2c6f8917-92f8-4296-b1c1-948c3987848e,humanities.lgbt,available,70,6,10,,,
ce5c5dfd-c0cb-42de-941e-864847fde1cd,humanities.lifestyle,available,70,6,10,,,
737109c8-03ff-4191-a85f-75ae351e5485,humanities.lighting,available,70,6,10,,,
bb08e5a2-9107-4a19-a582-6c3cb8b2748c,humanities.limited,available,70,6,10,,,
f3d36406-4623-40a4-aa76-96552ef14c32,humanities.limo,available,70,6,10,,,
6afd3984-ad02-45a8-bc6a-7afb055187aa,humanities.link,available,70,6,10,,,
92af6af6-1dd1-42c7-b5fc-8c497622317f,humanities.live,available,70,6,10,,,
6e779645-e781-4a76-93c5-6e3fd911f45d,humanities.living,available,70,6,10,,,
140c892e-4d5a-4660-9568-9efa5595a8cd,humanities.llc,available,70,6,10,,,
20ecc61d-5e5b-4894-86f2-d57296e7356b,humanities.loan,available,70,6,10,,,
48e89333-41ed-46fd-aaf8-58a7b6b739a3,humanities.loans,available,70,6,10,,,
e7f80241-6540-4a95-88ef-d0a44d9fa5cf,humanities.locker,available,70,6,10,,,
02074d24-28e3-47f5-ba1f-8b6884fc19c1,humanities.lol,available,70,6,10,,,
1bd803f4-5836-4a24-ab7e-b9c3eddfac62,humanities.london,available,70,6,10,,,
3f0bd02c-500f-4b05-9840-608fa81646d0,humanities.love,available,70,6,10,,,
e53b1469-bc53-4f6f-9d3e-ff50d03a62b6,humanities.ltd,available,70,6,10,,,
6c06f482-95fe-40ac-9c1f-507547964881,humanities.ltda,available,70,6,10,,,
3761a564-2795-4bdf-9587-c65a4a6055a9,humanities.luxe,available,70,6,10,,,
95cf9ef6-7ebc-4f98-9d4b-1e238129bcd4,humanities.luxury,available,70,6,10,,,
557d7d28-40d3-49fd-9bb3-9c2e73600891,humanities.maison,available,70,6,10,,,
fd56068f-51e4-4b55-83b2-6e618d8d0c5e,humanities.makeup,available,70,6,10,,,
87c95dec-8b88-42fa-9f49-11d8764d25c3,humanities.management,available,70,6,10,,,
e6b4bf2b-26ab-42db-9977-669cfb7ec14e,humanities.market,available,70,6,10,,,
74a8b731-af40-458f-b229-e64d81c0d0ef,humanities.marketing,available,70,6,10,,,
a49cdab0-b5f2-4696-8d7c-d69bfc6b55dc,humanities.mba,available,70,6,10,,,
8cf6dc77-9d02-4d7f-9d9d-6bd73aa64137,humanities.media,available,70,6,10,,,
20fd8977-f0fa-43da-838b-54365dea6139,humanities.melbourne,available,70,6,10,,,
203be2db-4cbb-4d0f-ad6a-412ee54f6227,humanities.meme,available,70,6,10,,,
19d3e99d-1035-4a22-9cb8-1fe9512e5c59,humanities.memorial,available,70,6,10,,,
03e4e504-f6f3-4803-a8db-8e02ef6c8510,humanities.men,available,70,6,10,,,
e9162e30-4ae9-4f0a-beac-be785db577d0,humanities.menu,available,70,6,10,,,
c353dd6c-8a30-4ab8-bc36-2927bd4d15a8,humanities.miami,available,70,6,10,,,
e416e567-facf-48a1-b10f-e7a72b064797,humanities.mobi,available,70,6,10,,,
0ad5be2c-c072-4e7d-8712-d6d8b8a0411b,humanities.moda,available,70,6,10,,,
33abf6c7-14d1-4ab3-b00c-30fbc2fe3b2c,humanities.moe,available,70,6,10,,,
d004e314-a51f-44a2-aef7-6cd9afece434,humanities.mom,available,70,6,10,,,
4112416c-cbcc-4596-b3a6-4ab3fc682e63,humanities.money,available,70,6,10,,,
0476dfec-968e-4de7-8528-efb823c02b81,humanities.monster,available,70,6,10,,,
1d06f264-6ee4-4e13-8378-89c75b3af6c7,humanities.mortgage,available,70,6,10,,,
10400c93-5267-4e37-893d-f9ad00cc5bac,humanities.motorcycles,available,70,6,10,,,
a6b34154-08b7-47c0-bdda-f8e6c1bf3cb3,humanities.mov,available,70,6,10,,,
3f559426-e947-46a8-8744-70f74e04adc3,humanities.movie,available,70,6,10,,,
ecf0e378-e894-4663-abe9-a1dc047c370b,humanities.music,available,70,6,10,,,
fab77f5a-e5f5-4280-8f1a-f6af1fb4b0e4,humanities.mx,available,70,6,10,,,
50a52787-a529-4e6e-a5be-09494f4d8161,humanities.my,available,70,6,10,,,
930f1b93-2940-44c4-8af3-7d73ee42a4c1,humanities.name,available,70,6,10,,,
bd5ffd9f-f795-4abc-9cc9-e9f3a7fe1662,humanities.navy,available,70,6,10,,,
15d5d982-b07d-414e-843b-324f2a76ef3a,humanities.net,resell,70,6,10,"GoDaddy.com, LLC",24/01/1999 05:00,24/01/2026 05:00
945ccd62-253b-49fc-94b6-f694259e38c0,humanities.news,available,70,6,10,,,
715226a8-2787-426f-a7ec-269211bf82e9,humanities.nexus,available,70,6,10,,,
832d9a1a-7b0d-4b88-bed2-9fbd94b4d10f,humanities.ngo,available,70,6,10,,,
9c403d85-3ea0-4b23-8dea-91e4de0db186,humanities.ninja,available,70,6,10,,,
61a62ef5-00e7-4bda-9ee4-e55f76cd6da1,humanities.nyc,available,70,6,10,,,
e1869cca-6d00-4989-ac47-c1c721c97e73,humanities.observer,available,70,6,10,,,
8fe596be-ce2b-4421-8a9d-bfda49ac8d52,humanities.one,available,70,6,10,,,
502c2a27-e65c-42f4-bf2e-bd848ff8a088,humanities.ong,available,70,6,10,,,
964ed2b3-e7c8-476d-862f-517eca4b8353,humanities.onl,available,70,6,10,,,
7ffb5125-4e7c-42c8-b574-45d196915f59,humanities.online,available,70,6,10,,,
c8a0ed69-d5fd-4da9-8fb6-fe370541e375,humanities.ooo,available,70,6,10,,,
9289e851-0757-4c44-bf38-ee1a17914e36,humanities.organic,available,70,6,10,,,
ebbfd31a-9286-4222-866c-248475c16b44,humanities.osaka,available,70,6,10,,,
dd0f21f9-cb1e-4ead-9309-2ce60753af27,humanities.page,available,70,6,10,,,
3a921b94-ae65-4640-86e2-7c8988fa6cca,humanities.partners,available,70,6,10,,,
d3dcedc7-a45c-4644-b59b-4a8624ea0146,humanities.parts,available,70,6,10,,,
bcd25e61-dbe1-450e-a75f-897adc9049cc,humanities.party,available,70,6,10,,,
86e81e54-7beb-41e7-bbc4-74f76a602fd0,humanities.pet,available,70,6,10,,,
8f2553b4-752d-442e-b35c-1c53002f8852,humanities.phd,available,70,6,10,,,
77395bdf-2289-48dd-a9eb-a921f0ee25fb,humanities.photo,available,70,6,10,,,
ef727cba-8345-4592-875f-af78e7b3052d,humanities.photography,available,70,6,10,,,
0d43a7b6-b456-4a3a-9489-2a6d604c4ba8,humanities.photos,available,70,6,10,,,
fe7eb3c8-d0fd-4eb1-8466-c3e6248a9b48,humanities.pics,available,70,6,10,,,
408112a2-0c89-47be-8db3-23430d0b7b01,humanities.pictures,available,70,6,10,,,
1d271e96-671b-4909-8b98-1563f61f3808,humanities.pink,available,70,6,10,,,
2c8a980a-a937-494a-a84a-34fff8014fe2,humanities.pizza,available,70,6,10,,,
5b0dc720-4452-4337-b7da-0d74bfe3f632,humanities.place,available,70,6,10,,,
3008c45a-6cbe-4582-b8ce-e993c066f9a1,humanities.plumbing,available,70,6,10,,,
b5af3799-a6a4-4bf1-b5a9-e7d29f9d98cc,humanities.plus,available,70,6,10,,,
dc61bdf8-4f7f-44f6-9172-cdf788de8c0e,humanities.poker,available,70,6,10,,,
69786d9f-9d08-4596-b0f7-335c5a2adb7b,humanities.porn,available,70,6,10,,,
1ebce5e2-5f56-41a6-bc0f-9a9b8031d552,humanities.press,available,70,6,10,,,
ced08307-090a-4484-8ed5-535fbef5fee9,humanities.pro,available,70,6,10,,,
d46c7800-c527-4ef3-b6db-cd2a76da4436,humanities.productions,available,70,6,10,,,
2bdba1ed-3e91-4f23-834f-56296376c4fb,humanities.prof,available,70,6,10,,,
7d8547ad-069f-48cc-930a-74157d0735b4,humanities.promo,available,70,6,10,,,
0eae3f8e-bfb1-4e75-bc61-b70bb8ebad72,humanities.properties,available,70,6,10,,,
e135d266-bd55-442f-84d2-51c740b459af,humanities.property,available,70,6,10,,,
3eb99f08-6700-47e4-9a02-9eefaee9c26e,humanities.protection,available,70,6,10,,,
53e6703e-2f62-4e24-9b32-8274ddc01842,humanities.pub,available,70,6,10,,,
25feaaed-6471-4dcd-9b79-2c40982ac30b,humanities.pw,available,70,6,10,,,
b726343f-25e6-4277-8b3d-83b6c3a94e26,humanities.qpon,available,70,6,10,,,
4fe3416c-bc07-45ba-a316-7d746192ade6,humanities.quest,available,70,6,10,,,
d83d158a-9e18-4bf6-9a28-8f7aab5c4978,humanities.racing,available,70,6,10,,,
797f1857-9803-4528-a90b-d168e555ba14,humanities.realty,available,70,6,10,,,
3e21979a-a4a1-45ac-bc84-682f0e0b8a17,humanities.recipes,available,70,6,10,,,
0f3bf657-4517-4ba7-802f-9bce31312a7c,humanities.red,available,70,6,10,,,
bca9ceec-26cb-4fa8-8b8a-18d6b03e7628,humanities.rehab,available,70,6,10,,,
9bf36321-4a95-4ca3-8b8a-f5a52775f564,humanities.reise,available,70,6,10,,,
cb618993-fa09-496b-a732-b5eae6c98cc5,humanities.reisen,available,70,6,10,,,
236f2554-7a4e-46a9-8df3-5cebedc30472,humanities.rent,available,70,6,10,,,
2800637b-1d46-4ab0-875e-ffddc4dab13a,humanities.rentals,available,70,6,10,,,
d2f8629a-5941-483e-9009-6ba488c41cab,humanities.repair,available,70,6,10,,,
102daaf1-377f-4481-9521-17dd69496118,humanities.report,available,70,6,10,,,
6d15dd74-9ccc-48b2-845b-70e61597e5c5,humanities.republican,available,70,6,10,,,
90dff62b-5808-4f95-ab0f-8214013122d4,humanities.rest,available,70,6,10,,,
92f8d244-fdce-42ec-9843-d3d707f20f47,humanities.restaurant,available,70,6,10,,,
e97b94d9-3115-41ab-80e6-23c88b9b6f77,humanities.review,expired,70,6,10,Porkbun,31/08/2022 22:40,31/08/2025 22:40
0872fbc8-6679-4d70-9eb2-68d87c3b138f,humanities.reviews,available,70,6,10,,,
17b67fca-a929-4431-83a0-14928e5ed979,humanities.rich,available,70,6,10,,,
a4aac975-ab8a-4701-97ba-6bf024909e26,humanities.rip,available,70,6,10,,,
e889f227-ef38-4726-b8b9-55dd51de399b,humanities.rocks,available,70,6,10,,,
b242c3a6-0d45-4c78-b42c-c7875b0a78b0,humanities.rodeo,available,70,6,10,,,
c322ce3a-0742-474d-8612-737ea6b4bd95,humanities.rsvp,available,70,6,10,,,
9b4ac5c2-cd9e-4c69-a7b8-67a97345b74e,humanities.run,available,70,6,10,,,
5ebca1a3-20ce-4d44-9338-4b0b854072aa,humanities.sale,available,70,6,10,,,
e86bc18d-3d16-4e2d-8913-b307133c9f1e,humanities.salon,available,70,6,10,,,
e8ff18e1-f9c5-4160-92d1-8e3426a95954,humanities.sarl,available,70,6,10,,,
64c670d1-6be5-4fe6-b27d-25cf5a947d96,humanities.sbs,available,70,6,10,,,
35b9a0d6-42f2-49c8-8a41-a63db16e5e64,humanities.school,available,70,6,10,,,
4c7fbeb5-655d-41e0-8491-3b5e68f2b48d,humanities.schule,available,70,6,10,,,
f16a22c2-b5a4-4714-a16c-3db8eb784385,humanities.science,expiring,70,6,10,Gandi SAS,23/09/2019 14:28,23/09/2025 14:28
62e1ec8b-4a94-4108-837c-2f4a37733d15,humanities.security,available,70,6,10,,,
072f53e4-46ae-495e-97b5-b8f9f7967918,humanities.services,available,70,6,10,,,
852f5b54-8b46-407e-a2cf-36f96c7419ec,humanities.sexy,available,70,6,10,,,
f347a35e-2d64-4ea2-9d40-22019fe05ddb,humanities.sh,available,70,6,10,,,
779e7842-65e7-43cb-b10c-048e4d991167,humanities.shiksha,available,70,6,10,,,
d703d74c-a53c-432b-b28a-7f7be56dc98d,humanities.shoes,available,70,6,10,,,
ec53105c-df81-4393-9893-96422bb01ad5,humanities.shopping,available,70,6,10,,,
3ea71f1b-5179-469f-baf5-e897596e4e58,humanities.show,available,70,6,10,,,
1d6dcd62-840c-41aa-9e77-0b3dccb28be1,humanities.singles,available,70,6,10,,,
3fd88584-ed4d-4b3a-85b6-53debc02d560,humanities.site,resell,70,6,10,Namecheap,15/08/2024 22:46,15/08/2026 23:59
65025b9a-a82f-4d2f-bfe5-4149276236ae,humanities.ski,available,70,6,10,,,
3ed23d59-25fb-445c-a497-48f90e3c59b3,humanities.skin,available,70,6,10,,,
ba3ce4be-11f2-464d-b578-33f7f35618ca,humanities.so,available,70,6,10,,,
b6bd0e58-30b9-4dc0-b272-837c4167c6dd,humanities.soccer,available,70,6,10,,,
d379ded4-db4c-4baf-9712-9b228c37d649,humanities.social,available,70,6,10,,,
76ba5722-95b4-4ada-8a07-de18ac4cb76d,humanities.software,available,70,6,10,,,
ad382cba-33b3-48a0-87f2-1fb975fc9b06,humanities.solar,available,70,6,10,,,
faf91b16-bb16-4d8a-b699-614933759c53,humanities.solutions,available,70,6,10,,,
e9f58bf6-28c5-47b6-b74b-8c567079818d,humanities.soy,available,70,6,10,,,
58bb4cff-65f9-47b0-acbb-80527d3d6918,humanities.spot,available,70,6,10,,,
db757afa-c4b4-4e3f-91a0-1a7119f50c1a,humanities.srl,available,70,6,10,,,
877db7d7-366b-456a-9c0e-cf60ee4a844e,humanities.storage,available,70,6,10,,,
d9c619aa-483f-4397-ab9a-1be391beda10,humanities.store,available,70,6,10,,,
738915f0-cfdf-4385-955a-d949ac80660f,humanities.stream,available,70,6,10,,,
e7ead1d3-5091-432d-9496-01ce59af0b5f,humanities.study,available,70,6,10,,,
8698646e-d6e4-4cd4-a7d5-fe4d8819a264,humanities.style,available,70,6,10,,,
f51d864d-09b3-477e-80e1-23ba72369d46,humanities.sucks,available,70,6,10,,,
d5e6bd0b-d860-4795-b9a3-d1ecb54e068f,humanities.supplies,available,70,6,10,,,
64cde35d-3152-4234-94fd-cf5957ab21f0,humanities.supply,available,70,6,10,,,
a014962b-df13-4a02-a9ba-5b3d16e128ac,humanities.support,available,70,6,10,,,
6452319e-a8da-4c61-9621-8c6bc7a06c00,humanities.surf,available,70,6,10,,,
c00963c9-fe1f-4abc-b9b6-15c94ce8f49a,humanities.surgery,available,70,6,10,,,
2e5401f8-9ca9-4447-9a39-b4a945e5df99,humanities.sydney,available,70,6,10,,,
31f79b54-cb70-474c-b169-c42ce912e6d9,humanities.systems,available,70,6,10,,,
0a94b7e8-4ccb-4554-87fc-fdd3b6dbf955,humanities.tattoo,available,70,6,10,,,
ce235c7d-e03c-4259-9315-110ada84b646,humanities.tax,available,70,6,10,,,
3710d9d1-d3c0-441d-af7e-f9dc0fe94e6f,humanities.taxi,available,70,6,10,,,
03c74bfb-ad3e-45c6-8e6e-94da2c63d743,humanities.tel,available,70,6,10,,,
d606821c-82e4-4f09-9ac5-e571accea936,humanities.tennis,available,70,6,10,,,
cab4ab1e-ecc9-4607-9d5c-75fc9303abe0,humanities.theater,available,70,6,10,,,
e1eae982-c124-49a2-bb2d-2bb3feb2eaae,humanities.theatre,available,70,6,10,,,
89ebc4ec-b033-4160-80fd-13680ea669b5,humanities.tickets,available,70,6,10,,,
2aad1611-da23-4d6a-bf0b-d7ab329d9fd6,humanities.tienda,available,70,6,10,,,
695efacc-48ef-4c00-8ff4-0e64a4f6ad4a,humanities.tips,available,70,6,10,,,
8d1222a7-34cf-4725-8820-67aff543ba55,humanities.tires,available,70,6,10,,,
45236345-c942-47b7-89d9-b9860273a506,humanities.top,available,70,6,10,,,
4fd9adda-1e78-4852-a141-7e4285d221f1,humanities.tours,available,70,6,10,,,
0467f233-0368-440f-bfc4-0d49cd52b2c0,humanities.town,available,70,6,10,,,
a6ea3678-3551-4043-b67c-a0a0887a9304,humanities.toys,available,70,6,10,,,
c3bbd8d7-8710-43c6-8a19-f0bed413d749,humanities.trade,available,70,6,10,,,
5eee1bdd-22c0-4cc9-8124-305ca46b836b,humanities.training,available,70,6,10,,,
ec3b8c3e-7647-42b3-a30f-da20e74bb971,humanities.travel,available,70,6,10,,,
dd9260bf-a125-484e-9f66-69d9f97b7d56,humanities.tube,available,70,6,10,,,
85d66253-f87c-4ccb-ad8e-6c91a1646a98,humanities.tv,available,70,6,10,,,
ffb8667a-2282-407a-ba02-3b9ef818fbf2,humanities.uk,expired,70,6,10,Realtime Register BV,18/06/2021 10:30,18/06/2025 10:30
977cc999-2bdd-46ec-8275-bab0384366c8,humanities.uno,available,70,6,10,,,
28cd75f6-8135-4194-9615-f0f4ff6bf7d8,humanities.us,resell,70,6,10,Above.com Pty Ltd.,16/10/2024 15:46,16/10/2025 15:46
e2026289-7f78-45c7-b20a-0404d82e9b3f,humanities.vacations,available,70,6,10,,,
ae717e15-19ee-4d28-bd9f-3efdb03459d3,humanities.vana,available,70,6,10,,,
791c6a70-5a50-422f-86ad-e65b28a6970e,humanities.vc,available,70,6,10,,,
f5ee9e38-d290-46b6-bd61-90f50d178c9c,humanities.vegas,available,70,6,10,,,
187f81ac-fe36-4cfb-9108-3d8a2bdb0e1a,humanities.ventures,available,70,6,10,,,
823f2159-b804-400b-bb28-6d66b3ddafd9,humanities.vet,available,70,6,10,,,
8a225e52-780c-4ee1-9547-eb5b7349d323,humanities.viajes,available,70,6,10,,,
d876ea6e-1f24-43f7-bc79-c1aebb9e8364,humanities.video,available,70,6,10,,,
309b9e7b-3fbf-48cf-ae84-506125af6b25,humanities.villas,available,70,6,10,,,
2e7b1ff2-7b97-44c9-b00c-ee081bcb52f4,humanities.vin,available,70,6,10,,,
857eb5e5-8d04-443d-b899-2a76cb83e38f,humanities.vip,available,70,6,10,,,
52dd482a-212b-42e4-ad39-d3820e8e4da3,humanities.vision,available,70,6,10,,,
8fbb2c71-e5f9-4de9-a675-b1ee0b272f80,humanities.vodka,available,70,6,10,,,
50ed54d5-3eb6-4eec-9945-a5beaf167450,humanities.vote,available,70,6,10,,,
e96450c1-2a2f-4b5f-9e79-677752a70423,humanities.voting,available,70,6,10,,,
5b3b4e59-a98b-416b-86dd-57f64a9b5dd3,humanities.voto,available,70,6,10,,,
5d0f9bbe-1c76-49ae-8745-037637afa00c,humanities.voyage,available,70,6,10,,,
d0b9f429-4495-4e23-99c1-380b29fd0fc0,humanities.watch,available,70,6,10,,,
2d307a27-560a-4f02-aba1-2bc1e47e6be2,humanities.webcam,available,70,6,10,,,
cbcd93ae-4387-4dbb-ba31-0abd6bf9483b,humanities.website,available,70,6,10,,,
93459e65-589e-4118-a297-25f4b20c42ce,humanities.wedding,available,70,6,10,,,
2da1c233-258a-4355-b0c9-839d962364e1,humanities.wiki,expired,70,6,10,Porkbun,08/07/2024 23:19,08/07/2025 23:19
749a53c5-2907-4af7-ba45-70e9aebecd7a,humanities.win,available,70,6,10,,,
405a52ed-3718-4cbd-a9d0-e03fb62cf6f3,humanities.wine,available,70,6,10,,,
49664496-9702-44cd-8389-d0d5c8e90ee8,humanities.work,available,70,6,10,,,
388db0d2-aaa6-41bd-a8ab-1e1669765ed0,humanities.works,available,70,6,10,,,
459026d4-bffc-4e98-be78-e1fa745b54e1,humanities.world,resell,70,6,10,"DNSPod, Inc.",06/07/2024 17:00,06/07/2026 17:00
88ca9511-7344-4160-a783-77a5a2ad4e70,humanities.wtf,available,70,6,10,,,
b4f799f5-ec13-40fa-ac27-b4717f777f42,humanities.xyz,resell,70,6,10,West263 International Limited,09/03/2021 03:35,09/03/2027 23:59
8641b393-c176-4f4b-8a5f-7efcc5655db2,humanities.yachts,available,70,6,10,,,
c31fbfe0-c891-4054-840a-8a4565d0e463,humanities.yoga,available,70,6,10,,,
325dce0a-99a8-4177-a0d0-98ba9609ab79,humanities.zip,available,70,6,10,,,
b85d1bf7-1672-4d04-b8e9-2f360266a1c2,humanities.zone,available,70,6,10,,,
9fb9d76e-b28d-464a-a967-2d864c8485ad,liberalarts.app,available,68,76,12,,,
f3dd4342-985a-4df9-ab19-b72eca5f9edd,liberalarts.at,available,68,76,12,,,
5c2f5413-d3ae-47c2-955a-e13af95b6ae9,liberalarts.cloud,available,68,76,12,,,
4ff11a94-d867-48f6-8b0d-fb6c3742d623,liberalarts.co,available,68,76,12,,,
de71d4bc-e767-419f-8297-d0993e389d8d,liberalarts.dev,available,68,76,12,,,
a3d4588b-e3aa-4529-8f6d-08166dfda5fe,liberalarts.expert,available,68,76,12,,,
73677b39-565f-42ac-b6ae-4e72f9543f56,liberalarts.gg,available,68,76,12,,,
04433eb2-1418-4c4d-ade5-08381e603a3c,liberalarts.io,available,68,76,12,,,
cab1bf09-06c0-4382-aed5-77c8d872a7f0,liberalarts.ninja,available,68,76,12,,,
57a7d638-f911-48cf-83ef-dde3f613ad65,liberalarts.pro,available,68,76,12,,,
a43d65bc-09f9-42bb-a39d-891aee3a6a9f,liberalarts.so,available,68,76,12,,,
79ea9869-588f-4382-837a-758a674ec075,liberalarts.space,available,68,76,12,,,
6160e9ae-4fd6-4581-bf5e-30ee8e10bf09,liberalarts.store,available,68,76,12,,,
598aeba1-f3a3-4641-8543-096884cca32f,liberalarts.tech,available,68,76,12,,,
83fdb457-5cf7-4fff-b460-92aad9a05206,liberalarts.us,available,68,76,12,,,
e930a433-a6bc-4e72-bc59-91526a8624e7,liberalarts.xyz,available,68,76,12,,,
46edd895-9441-4ae9-b226-f3ec41cf6886,arthistory.at,available,73,84,11,,,
c7d1480b-54a9-45cf-8c3f-9fb08a6f75a3,arthistory.cloud,available,73,84,11,,,
2d434b2f-e6c9-4d79-bafb-d710d7da3f0a,arthistory.dev,available,73,84,11,,,
270739fa-0cff-4d66-a2dc-8293e03833a2,arthistory.expert,available,73,84,11,,,
11e7de60-b9fa-4cd7-9a84-890cb093a3aa,arthistory.gg,expired,73,84,11,"NameCheap, Inc (https://www.namecheap.com)",,
f1952bc3-9a97-4c8e-9c0b-9ebe581d930f,arthistory.it,expired,73,84,11,,08/04/2000 00:00,06/07/2025 00:00
4a9d25a0-d374-42e5-86d1-1c3282a61567,arthistory.ninja,available,73,84,11,,,
dd42effd-c688-4f24-aeb0-737c5da8264b,arthistory.online,available,73,84,11,,,
34e0dc55-8c69-48f3-8328-2a729e837ec9,arthistory.pro,available,73,84,11,,,
4ef6455c-1738-4544-a937-7ee33a291db0,arthistory.site,expiring,73,84,11,"Registrar of Domain Names REG.RU, LLC",08/07/2024 07:48,08/07/2025 23:59
1c716dc1-6d2e-423d-b154-c04ffb11061f,arthistory.so,available,73,84,11,,,
a520c0ec-a706-42ce-a664-e3d6eefef839,arthistory.space,available,73,84,11,,,
5bb683a5-2ac7-4bae-b664-a9d18d04c2ba,arthistory.store,available,73,84,11,,,
6c8e4a42-fc5b-43fb-ae10-c3da3c761402,arthistory.tech,available,73,84,11,,,
f226e423-97d3-4073-9740-a085f39fb917,arthistory.zone,available,73,84,11,,,
658ada87-05af-4197-9e81-3559c1bb3df5,classics.app,available,62,88,8,,,
bc43a6ed-9bc1-4bc6-8632-33b2c4f8ae82,classics.at,sold,62,88,8,Hosting concepts B.V. / Registrar.eu ( https://nic.at/registrar/648 ),,
d017c38d-75fa-4051-888d-8a016fb6c413,classics.cloud,available,62,88,8,,,
836bf8ce-dab0-4eb3-9003-cd4a0b2ce4f0,classics.dev,available,62,88,8,,,
e1d8af4d-0613-4d87-be41-1da5841434f2,classics.expert,available,62,88,8,,,
faa52699-a7b5-4b46-a7c9-2ad1080d38cb,classics.it,expiring,62,88,8,,24/06/2010 18:22,23/07/2025 00:00
ed81a2dc-fe61-4675-a559-806fbb770c1d,classics.net,resell,62,88,8,"GoDaddy.com, LLC",18/05/1997 04:00,19/05/2026 04:00
ea8b64c5-2b8a-4fae-bd97-ca6f04495330,classics.ninja,available,62,88,8,,,
210cc08f-9533-4fec-83b3-38b31dc3e809,classics.online,available,62,88,8,,,
00825232-66aa-49b2-b9f2-351e5258dab7,classics.site,available,62,88,8,,,
fc8a8b36-7920-4a87-b13a-f5d07bc69303,classics.so,available,62,88,8,,,
0b6663dc-82e1-4a14-8f7a-1a8239df5a5d,classics.space,available,62,88,8,,,
9499272f-2ddc-4080-b8ae-581fe3a9f966,classics.xyz,expiring,62,88,8,"Go Daddy, LLC",15/07/2014 16:21,15/07/2025 23:59
e0adf8e5-c564-4e6a-a794-3a0974b09c6a,classics.zone,available,62,88,8,,,
5c0f7e19-ab7d-46cc-bc5e-74b85f2b298b,ethics.app,available,60,84,6,,,
21b9d9bf-4ea3-4305-b3a6-d8aeca62fa0d,ethics.at,sold,60,84,6,World4You Internet Services GmbH ( https://nic.at/registrar/61 ),,
a7bb8f5a-9333-4771-8067-855c618ec53c,ethics.cloud,resell,60,84,6,GoDaddy,08/12/2017 06:51,08/12/2025 06:51
6ff4973f-a156-496e-ae1f-31c7fdf85413,ethics.co,expiring,60,84,6,"GoDaddy.com, LLC",20/07/2010 18:00,19/07/2025 23:59
650c802c-145f-4c5e-85ac-77ab2bb2dadb,ethics.expert,available,60,84,6,,,
348e4735-70bb-4fd9-a725-9d7177a2efa4,ethics.it,resell,60,84,6,,11/12/2021 09:00,11/12/2025 00:00
85450222-84b2-4829-ac14-6aa055a0d12f,ethics.ninja,expiring,60,84,6,InterNetX GmbH,30/07/2021 10:19,30/07/2025 10:19
89a43f72-e38c-4d2d-99f5-0ebddd39dbb2,ethics.site,available,60,84,6,,,
67e9610f-debd-4758-b47c-f53906d26205,ethics.so,available,60,84,6,,,
96d9921b-f572-40a3-86da-6d6b08ea7cc0,ethics.space,available,60,84,6,,,
af66efd7-083a-434e-bb21-f59e62ebd19c,ethics.store,available,60,84,6,,,
d5588d35-a5c2-4184-807b-4728cbc275b6,ethics.xyz,resell,60,84,6,"Go Daddy, LLC",02/06/2014 17:06,02/06/2026 23:59
0e72b602-10ef-43b0-b2ad-ec87217fda16,aesthetics.ai,expiring,62,80,10,"NameCheap, Inc.",24/07/2019 14:35,24/07/2025 14:35
0be1787a-7701-42ee-9d11-eb9937037dac,aesthetics.app,expiring,62,80,10,1API GmbH,23/07/2021 08:20,23/07/2025 08:20
22df00fd-fdf4-40b5-ba56-4b0a6e0ff980,aesthetics.at,premium,62,80,10,,,
43e1c5ae-66b5-4769-beb1-a953dd1a05f3,aesthetics.co,resell,62,80,10,"GoDaddy.com, LLC",28/09/2017 18:00,27/09/2025 23:59
812d44dc-f7c3-4c2a-a6e8-f0cfeb8116d8,aesthetics.dev,premium,62,80,10,,,
a904e89a-3640-4fe8-88ee-e42ea1b88993,aesthetics.gg,available,62,80,10,,,
70fedc89-f570-440f-ac24-27ef49b2266e,aesthetics.it,resell,62,80,10,,22/12/2014 09:00,22/12/2025 00:00
cafe0542-9dbc-495e-a2ba-01b8ab13c2ad,aesthetics.me,resell,62,80,10,Dynadot Inc,05/07/2015 04:13,05/07/2026 04:13
833de8d0-1e7c-4df4-b41a-88403e949c32,aesthetics.ninja,available,62,80,10,,,
497f1b2c-e60b-449b-ad2b-e7f025f0dd83,aesthetics.online,premium,62,80,10,,,
e9242ac0-b9dd-4aff-b0f2-b75d77fdebcf,aesthetics.site,premium,62,80,10,,,
04201a74-6169-44bb-9ab2-1bcfc1f12304,aesthetics.space,premium,62,80,10,,,
f882f760-da7f-4973-9043-675973231c76,aesthetics.store,premium,62,80,10,,,
46fd144d-8327-4fe1-94d8-5b85c14611ad,aesthetics.xyz,sold,62,80,10,Dynadot LLC,04/04/2018 13:54,04/04/2028 23:59
51458c63-8564-41ce-81ac-947dc3c22105,rhetoric.at,sold,74,76,8,Name.com Inc. ( https://nic.at/registrar/620 ),,
15b35e01-8b3c-4d12-82c7-76f877ec07f7,rhetoric.co,resell,74,76,8,"GoDaddy.com, LLC",15/02/2013 01:38,14/02/2026 23:59
7af68ac2-1bfd-4235-8a42-472af4c04f3c,rhetoric.dev,expired,74,76,8,Namecheap Inc.,17/05/2024 01:33,17/05/2025 01:33
c20b99a4-3492-4acb-937b-0cc22cf1f049,rhetoric.expert,available,74,76,8,,,
60c3acb4-6ed2-4cc3-bc15-04706515199e,rhetoric.gg,available,74,76,8,,,
39e4f896-c727-49cb-8e24-653d16278c6c,rhetoric.io,expiring,74,76,8,Dynadot Inc,11/07/2019 10:13,11/07/2025 10:13
d80f27a1-2fe8-4e4b-bc63-1fd22a788adc,rhetoric.it,expiring,74,76,8,,01/07/2010 20:18,02/08/2025 00:00
0a76e755-f117-4d72-91a7-c21f427fc3b3,rhetoric.net,resell,74,76,8,Epik LLC,19/11/2003 19:03,19/11/2032 19:03
895224fb-469d-4a55-9f89-b3592509530f,rhetoric.ninja,available,74,76,8,,,
46be746c-1d65-416f-809f-3a4ca61874ad,rhetoric.pro,available,74,76,8,,,
04a851d6-5301-4179-a94b-8c319229917d,rhetoric.site,available,74,76,8,,,
ae7cbbdd-a179-4981-ace2-684ad87803e5,rhetoric.store,available,74,76,8,,,
9a73e06a-02a1-4e05-8661-31c18808e85c,rhetoric.us,resell,74,76,8,Dynadot Inc,25/04/2023 08:15,25/04/2026 08:15
4e3e9326-d96c-4980-936b-60f1216f7023,rhetoric.zone,available,74,76,8,,,
6a387a58-b199-4890-b6b7-d72a51c82ff8,semiotics.at,available,54,76,9,,,
fda64675-4202-4768-b81a-15ebfeddb068,semiotics.cloud,available,54,76,9,,,
01efbdec-43e3-40be-b28e-adc107d8e613,semiotics.co,available,54,76,9,,,
1b225f98-15ea-43bf-9f84-b75498ca9c44,semiotics.expert,available,54,76,9,,,
3d6625be-0cd3-4ed0-8152-fd055cc7163d,semiotics.gg,available,54,76,9,,,
11e261dd-ef2f-42ff-9649-46048209d32a,semiotics.me,available,54,76,9,,,
36cd3df6-c2e3-4a53-b9c9-9f19a717d9e9,semiotics.ninja,available,54,76,9,,,
edf59af3-e362-4a61-93d8-404a205a9476,semiotics.online,available,54,76,9,,,
5b6710cf-fdd4-465b-9a42-bfe496a2ccdf,semiotics.site,available,54,76,9,,,
4bbf1fd2-eb73-44dc-a220-1d9419f8c326,semiotics.so,available,54,76,9,,,
ffbd5236-e3ec-498f-ba6f-cbccf40a83d8,semiotics.space,available,54,76,9,,,
72d08962-3b90-4c21-867d-a03d91831a47,semiotics.store,available,54,76,9,,,
39040f67-c3c1-4cb9-93ee-e7ed10bab58d,semiotics.tech,available,54,76,9,,,
bd4312c6-29f6-46cb-85c6-dc62fcdd5a4d,semiotics.us,available,54,76,9,,,
1b10b9f8-61e8-4806-a538-32ae90a72f75,semiotics.xyz,resell,54,76,9,Alibaba Cloud Computing Ltd. d/b/a HiChina (www.net.cn),13/02/2025 08:08,13/02/2026 23:59
1ee75d36-baf0-48f9-ac6a-c8d475fa9231,semiotics.zone,available,54,76,9,,,
59d172d0-3b40-4c30-8d7f-ed26c128ad55,filmstudies.ai,available,54,20,12,,,
e7954f03-43b2-46d1-a575-0236be3c7bc4,filmstudies.app,available,54,20,12,,,
e990de09-34a2-40da-8fff-55b087cf62d6,filmstudies.at,available,54,20,12,,,
e4658a96-a84c-4506-9627-122fbe909532,filmstudies.cloud,available,54,20,12,,,
7229a109-0cda-43b3-80e5-8362ad99c764,filmstudies.co,available,54,20,12,,,
693fb58b-f5ef-487a-b7f5-7051087c2755,filmstudies.dev,available,54,20,12,,,
e83577ac-6b51-435b-a922-597905e369b2,filmstudies.expert,available,54,20,12,,,
e31c59d2-42fc-4cc5-9cf0-b5c5a37ae385,filmstudies.gg,available,54,20,12,,,
511340dd-dc41-4aad-9503-d76bb4c2fa53,filmstudies.io,available,54,20,12,,,
9ce864ec-89ac-4799-b550-8152949cba44,filmstudies.me,available,54,20,12,,,
59fbfedb-f8e7-4286-a196-c6407c97b1ab,filmstudies.ninja,available,54,20,12,,,
548c3ba4-dcf2-4c78-8888-6cc0862a798f,filmstudies.online,available,54,20,12,,,
8580de14-05f8-4d64-b0fe-90e91bea0cb6,filmstudies.pro,available,54,20,12,,,
6d3b51d6-0bd2-4325-a976-2fbae432e6be,filmstudies.site,available,54,20,12,,,
c2867f4d-c807-4499-aea2-266284f9392a,filmstudies.so,available,54,20,12,,,
2c4aad40-3e80-4d23-a804-ef1de23c4d63,filmstudies.space,available,54,20,12,,,
193c3cc5-8ed7-440a-859c-fa28bbe6d507,filmstudies.store,available,54,20,12,,,
80807348-ff2c-482d-a366-0c3ee1e6ac08,filmstudies.tech,available,54,20,12,,,
7feffd84-2c9f-4042-936b-3fb73ba8a74e,filmstudies.xyz,available,54,20,12,,,
5fc48ad7-f4fc-455f-878c-7e713a0ea208,filmstudies.zone,available,54,20,12,,,
b0c90f29-9ef8-439c-9d27-103ec2e5e3e8,musicology.app,resell,60,76,10,"Sav.com, LLC",02/12/2024 21:57,02/12/2025 21:57
9a87efd0-0f71-4e82-8d3e-081f72f00f17,musicology.at,available,60,76,10,,,
a9b4bf8b-ab18-42fa-8bc4-94ae0b108532,musicology.co,available,60,76,10,,,
eca8dbbf-94ab-4d5f-9362-86296255ed75,musicology.dev,available,60,76,10,,,
6d361cac-9b2a-4175-9fa0-db27f959eaaa,musicology.expert,available,60,76,10,,,
92112b15-635e-4d47-a768-f68e432525da,musicology.gg,available,60,76,10,,,
35e7d401-de17-4364-b287-d782c3cc91fa,musicology.it,resell,60,76,10,,28/08/2010 18:15,27/09/2025 00:00
1e9556af-f247-419b-9095-2c1c894b2925,musicology.me,available,60,76,10,,,
eb0e9796-60b2-49ed-bb0d-a538bf4b35c0,musicology.ninja,available,60,76,10,,,
ca92a3ae-5f7f-43e8-8ec5-30a694fd2f2a,musicology.online,available,60,76,10,,,
657692a5-503e-47e9-a17c-a23cebaa27ab,musicology.so,available,60,76,10,,,
7211e947-b8b2-455d-93ab-944e7e5a34cb,musicology.store,available,60,76,10,,,
898ac574-1a06-4bb6-9324-5d766395b301,musicology.tech,available,60,76,10,,,
7aac899c-ad1d-480f-8abf-d9cd29ee1c11,musicology.zone,available,60,76,10,,,
11f49d99-60e1-40af-b6ab-75363fd097ac,visualarts.app,available,,84,11,,,
09010c39-8505-42cc-a646-1cb2c38acd27,visualarts.at,available,,84,11,,,
5251f446-4a54-4f8a-939a-5ba0b093868f,visualarts.expert,available,,84,11,,,
2b678f5e-e8a3-4046-9494-bf6287106f7e,visualarts.gg,available,,84,11,,,
5edfb757-2823-430e-bc48-8ad8a15fdf02,visualarts.me,available,,84,11,,,
16da4e1e-d65e-4c6e-a93c-defbe125e74d,visualarts.ninja,available,,84,11,,,
6a86e38a-b627-4daa-afa2-c4ac2bdc2fcb,visualarts.online,available,,84,11,,,
e48df71b-e425-4b26-9f2b-c5b965c00e03,visualarts.pro,available,,84,11,,,
6956aa07-4b23-48ff-8435-9995d20e9f1e,visualarts.site,available,,84,11,,,
fcd45087-7f11-4133-a2e8-3c87193ca7bd,visualarts.so,available,,84,11,,,
2eba26f8-b3a7-4f8a-bf06-a95293b6f0ef,visualarts.space,available,,84,11,,,
47fc0634-f7a7-4ca2-96c5-d46fec702ca9,visualarts.store,available,,84,11,,,
e22bec1c-2e0e-4cad-9bd6-1057127af7b4,visualarts.tech,available,,84,11,,,
c9632200-6e9e-41b9-ac56-d0b1c0c186aa,visualarts.zone,available,,84,11,,,
dec8a160-089b-4027-bf64-01c4a955f2b7,poetry.ai,resell,74,88,6,"Spaceship, Inc.",16/12/2017 01:50,13/03/2027 01:50
73ac65cf-c961-4d15-b152-c2181dc5e878,poetry.expert,available,74,88,6,,,
7f62ed96-40f6-42b5-aa5d-5218db5e1172,poetry.io,resell,74,88,6,"Spaceship, Inc.",05/04/2015 00:30,05/04/2026 00:30
959b75df-8e44-4a40-a3d5-8f8e176a2ca2,poetry.me,expiring,74,88,6,"GoDaddy.com, LLC",10/07/2008 03:30,10/07/2025 03:30
58d42dfd-d8f1-4f59-bac9-2dec4131f6f6,poetry.ninja,available,74,88,6,,,
0f4313ef-900c-4ce2-a2a8-9c42647b54ef,poetry.online,available,74,88,6,,,
bdd71f88-d2c3-4707-b347-52de7d6dd86c,poetry.site,available,74,88,6,,,
471d6bcb-19b2-4862-9040-c18d81090652,poetry.so,available,74,88,6,,,
6c1a1dd3-0b62-4dcd-8ac0-e95beadf4b99,poetry.space,available,74,88,6,,,
5c4643a6-b2d6-4ce3-b006-a3106a8c1d5c,poetry.store,available,74,88,6,,,
0011998f-bfb4-4dab-b726-6b5ae2d86c5f,poetry.tech,available,74,88,6,,,
c9d5dc32-3c8d-48bf-b904-8310002ab071,poetry.zone,available,74,88,6,,,
d22a3bc0-b3dd-4a45-a93c-ab29c8649de0,translation.at,available,,80,11,,,
6606ac5e-c1f0-4846-b0f6-ce09f7984ae0,translation.cloud,premium,,80,11,,,
79b19fa9-f6a7-477c-9fda-b22fdf2da646,translation.com,expiring,,80,11,"eNom, LLC",15/07/1997 04:00,14/07/2025 04:00